Date,Shift,Time,CaneKeig_MtrTemp,CaneKeig_GearTempDE,CaneKeig_GearTempNDE,CaneKeig_BearTempDE,CaneKeig_BearTempNDE,CardDrum1_MtrTemp,CardDrum1_GearTempDE,CardDrum1_GearTempNDE,CardDrum1_BearTempDE,CardDrum1_BearTempNDE,CardDrum2_MtrTemp,CardDrum2_GearTempDE,CardDrum2_GearTempNDE,CardDrum2_BearTempDE,CardDrum2_BearTempNDE,FeedDrum_MtrTemp,FeedDrum_GearTempDE,FeedDrum_GearTempNDE,FeedDrum_BearTempDE,FeedDrum_BearTempNDE,CaneCar_MtrTemp,CaneCar_GearTempDE,CaneCar_GearTempNDE,CaneCar_BearTempDE,CaneCar_BearTempNDE,ShredCar_MtrTemp,ShredCar_GearTempDE,ShredCar_GearTempNDE,ShredCar_BearTempDE,ShredCar_BearTempNDE,BeltConvy_MtrTemp,BeltConvy_GearTempDE,BeltConvy_GearTempNDE,BeltConvy_BearTempDE,BeltConvy_BearTempNDE,IRC1_MtrTemp,IRC1_GearTempDE,IRC1_GearTempNDE,IRC1_BearTempDE,IRC1_BearTempNDE,IRC2_MtrTemp,IRC2_GearTempDE,IRC2_GearTempNDE,IRC2_BearTempDE,IRC2_BearTempNDE,IRC3_MtrTemp,IRC3_GearTempDE,IRC3_GearTempNDE,IRC3_BearTempDE,IRC3_BearTempNDE,IRC4_MtrTemp,IRC4_GearTempDE,IRC4_GearTempNDE,IRC4_BearTempDE,IRC4_BearTempNDE,Mill0_MtrTemp,Mill0_GearTempDE,Mill0_GearTempNDE,Mill0_BearTempDE,Mill0_BearTempNDE,Mill4_MtrTemp,Mill4_GearTempDE,Mill4_GearTempNDE,Mill4_BearTempDE,Mill4_BearTempNDE,timestamp
2024-11-24,C,24-11-2024 17:55,35,32,31,26,26,34,37,31,26,26,0,0,0,0,0,0,0,0,0,0,0,0,0,0,0,0,0,0,0,0,0,0,0,0,0,0,0,0,0,0,0,0,0,0,0,0,0,0,0,0,0,0,0,0,0,0,0,0,0,0,0,0,0,0,0,24-11-2024 15:57
2024-11-24,A,24-11-2024 02:00,30,26,27,28,27,40,40,39,22,23,30,37,38,24,24,36,34,30,26,24,36,35,33,28,28,36,31,36,22,22,37,31,30,34,23,32,35,32,28,29,38,42,32,30,29,44,45,36,31,41,42,34,42,39,40,34,37,34,0,0,28,32,36,0,0,25-11-2024 10:01
2024-11-24,B,24-11-2024 10:01,38,35,32,26,25,43,41,42,25,26,37,40,42,27,26,40,37,32,28,27,41,37,35,29,29,40,37,39,25,25,43,35,35,29,27,38,31,35,27,27,41,44,39,32,33,39,47,42,33,32,42,49,45,40,40,35,42,34,0,0,34,36,39,0,0,25-11-2024 10:06
2024-11-24,C,24-11-2024 18:06,34,33,36,29,30,44,36,37,25,27,38,40,41,28,30,41,39,37,27,28,42,39,36,39,32,40,42,37,26,28,44,37,36,29,28,43,34,35,27,26,44,44,46,30,32,42,46,44,32,31,42,49,47,41,40,43,44,36,0,0,35,36,37,0,0,25-11-2024 10:11
2024-11-26,A,26-11-2024 05:41,29,24,0,0,0,0,0,0,0,0,0,0,0,0,0,0,0,0,0,0,0,0,0,0,0,0,0,0,0,0,0,0,0,0,0,0,0,0,0,0,0,0,0,0,0,0,0,0,0,0,0,0,0,0,0,0,0,0,0,0,0,0,0,0,0,26-11-2024 05:42
2024-11-26,A,26-11-2024 05:42,30,24,30,27,26,37,36,35,27,29,30,36,38,24,26,36,32,30,25,26,39,32,33,28,27,38,35,32,22,24,36,31,30,24,26,32,28,30,26,28,38,36,40,27,26,41,41,43,34,36,44,44,46,34,37,30,32,38,0,0,28,33,30,0,0,26-11-2024 05:47
2024-11-25,A,25-11-2024 02:00,26,32,30,28,29,39,38,39,32,30,36,39,38,24,26,36,32,29,27,26,35,36,34,25,27,39,32,34,27,28,33,31,29,24,26,34,31,32,26,25,33,38,42,27,28,33,40,41,32,31,34,45,42,29,40,34,38,32,0,0,28,33,32,0,0,26-11-2024 10:43
2024-11-25,B,25-11-2024 09:00,37,36,40,26,27,45,41,40,24,26,39,40,32,26,28,39,36,40,29,31,43,36,40,28,26,40,33,36,26,28,43,36,35,29,27,41,36,36,28,28,41,47,42,32,32,40,46,41,34,34,43,49,43,40,39,40,34,43,0,0,37,40,44,0,0,26-11-2024 10:48
2024-11-25,C,26-11-2024 18:00,33,32,32,23,22,41,43,42,25,24,36,38,41,27,25,40,30,31,29,28,34,36,36,25,32,41,40,40,26,26,42,36,35,28,27,37,35,34,28,25,43,46,34,31,32,44,45,39,33,40,43,46,44,40,41,32,31,33,0,0,31,34,41.03,0,0,26-11-2024 10:51
2024-11-26,A,26-11-2024 13:00,36,29,27,29,30,43,42,38,26,28,36,41,36,26,28,39,33,36,28,27,31,29,27,29,30,43,38,35,24,26,42,34,36,26,28,39,36,35,25,28,38,41,42,29,28,40,42,41,29,28,36,48,42,36,38,38,32,36,0,0,38,37,36,0,0,26-11-2024 16:23
2024-11-26,C,26-11-2024 00:48,34,31,30,24,24,42,44,40,24,26,37,37,40,27,24,41,31,30,28,29,34,37,36,25,31,42,41,40,25,26,41,36,35,28,27,37,36,34,27,24,44,47,35,31,32,45,45,39,34,40,44,46,42,41,40,32,31,34,0,0,30,33,40,0,0,27-11-2024 00:55
2024-11-27,A,27-11-2024 02:00,30,32,30,27,26,37,26,35,27,29,30,36,38,24,26,36,32,30,25,26,39,32,33,38,27,38,35,32,22,24,36,31,30,24,26,32,28,30,26,28,38,36,40,27,26,41,41,43,34,36,44,44,46,34,37,30,32,38,0,0,28,33,30,0,0,27-11-2024 10:03
2024-11-27,B,27-11-2024 10:14,35,38,34,26,25,43,40,42,24,24,37,41,40,26,25,39,37,30,27,27,39,37,33,30,26,39,37,33,26,26,40,34,32,27,26,38,33,32,26,26,38,44,38,32,30,37,45,39,33,33,37,47,42,41,40,32,41,32,0,0,32,37,40,0,0,27-11-2024 14:17
2024-11-27,A,27-11-2024 01:00,36,36,35,27,19,36,40,38,24,26,38,39,41,28,25,40,39,40,29,27,41,41,42,30,32,44,42,4,0,0,0,0,0,0,0,0,0,0,0,0,0,0,0,0,0,0,0,0,0,0,0,0,0,0,0,0,0,0,0,0,0,0,0,0,0,28-11-2024 01:02
2024-11-27,A,27-11-2024 01:02,36,0,0,0,0,0,0,0,0,0,0,0,0,0,0,0,0,0,0,0,0,0,0,0,0,0,0,0,0,0,0,0,0,0,0,0,0,0,0,0,0,0,0,0,0,0,0,0,0,0,0,0,0,0,0,0,0,0,0,0,0,0,0,0,0,28-11-2024 01:03
2024-11-27,A,27-11-2024 01:03,36,36,35,27,19,36,40,38,24,26,38,39,41,28,25,40,39,40,29,27,41,41,42,30,32,44,42,43,31,28,42,40,43,30,30,36,32,36,28,26,40,40,40,30,32,43,44,40,32,34,46,47,45,38,40,36,39,34,0,0,38,40,39,0,0,28-11-2024 01:07
2024-11-27,C,27-11-2024 01:15,31,31,29,22,21,38,40,40,23,22,32,38,39,24,25,39,38,30,26,25,37,35,34,30,29,38,37,36,23,23,39,34,32,27,27,36,33,33,25,25,41,43,34,32,31,45,46,40,35,37,44,46,41,37,41,33,40,33,0,0,30,34,38,0,0,28-11-2024 01:19
2024-11-28,A,28-11-2024 08:11,26,30,29,22,24,37,33,34,20,22,27,34,36,24,26,34,32,36,24,22,35,28,31,26,28,34,32,35,24,26,35,29,29,22,24,37,28,32,22,20,39,37,32,24,23,38,38,37,23,24,37,43,37,32,34,26,38,29,0,0,32,34,37,0,0,28-11-2024 08:14
2024-11-28,B,28-11-2024 10:00,32,36,32,24,24,36,37,37,24,25,35,35,38,25,24,38,36,29,26,26,39,35,32,27,28,33,35,35,25,26,39,35,34,27,26,33,33,30,25,25,36,41,36,29,29,35,45,38,31,32,38,47,42,35,35,31,39,32,0,0,32,35,39,0,0,28-11-2024 14:24
2024-11-29,A,29-11-2024 08:21,27,22,24,18,18,35,37,34,19,20,27,37,34,21,22,33,32,28,22,21,28,33,37,29,30,35,33,32,20,22,27,29,28,21,22,31,28,27,21,22,39,36,37,21,22,40,39,36,26,27,42,46,37,33,34,30,35,34,0,0,28,39,38,0,0,29-11-2024 08:26
2024-11-29,B,29-11-2024 11:00,35,38,35,25,24,42,41,42,25,24,38,39,40,26,26,41,36,31,26,26,38,34,33,32,28,38,34,35,24,23,40,34,32,26,26,36,34,32,24,23,38,42,39,31,30,36,47,41,33,34,35,48,42,38,37,34,42,32,31,31,31,31,37,0,0,29-11-2024 16:20
2024-11-29,C,29-11-2024 22:07,33,32,31,21,21,39,40,41,24,25,31,36,40,25,25,35,33,29,28,25,38,35,35,33,28,35,37,38,24,24,39,35,34,28,26,37,34,34,26,25,41,42,34,30,31,45,45,37,33,33,40,42,41,41,39,33,35,38,0,0,36,39,39,0,0,29-11-2024 22:13
2024-11-30,A,30-11-2024 08:38,31,31,33,20,22,35,36,37,20,23,33,30,32,21,22,32,36,32,24,23,35,32,36,31,28,38,34,36,20,22,35,38,34,22,23,32,32,30,22,21,38,39,38,25,28,41,38,40,28,27,44,39,44,32,34,29,36,32,0,0,31,33,39,0,0,30-11-2024 08:43
2024-11-30,B,30-11-2024 11:00,35,38,35,25,25,42,41,42,25,24,38,39,40,26,25,40,36,31,26,27,38,34,32,31,29,38,34,35,24,23,40,34,32,26,25,36,34,32,24,24,38,42,39,31,30,36,47,41,33,32,35,49,42,38,38,34,42,32,0,0,32,34,38,0,0,30-11-2024 16:20
2024-12-01,A,01-12-2024 08:14,25,30,29,20,22,36,35,36,20,21,29,3,0,0,0,0,0,0,0,0,0,0,0,0,0,0,0,0,0,0,0,0,0,0,0,0,0,0,0,0,0,0,0,0,0,0,0,0,0,0,0,0,0,0,0,0,0,0,0,0,0,0,0,0,0,01-12-2024 08:15
2024-12-01,A,01-12-2024 08:15,25,30,29,20,22,36,35,36,20,21,29,32,33,21,22,34,32,29,26,27,35,32,37,25,24,34,33,32,30,24,33,29,30,22,23,31,32,26,22,21,36,36,32,26,30,34,39,40,29,30,35,45,41,36,35,27,35,31,0,0,28,32,33,0,0,01-12-2024 08:19
2024-12-01,B,01-12-2024 11:00,34,32,30,23,24,39,38,35,23,25,38,39,35,24,23,38,34,30,26,27,35,33,32,29,28,38,37,36,25,26,38,34,35,28,27,36,34,33,24,24,38,44,40,28,30,36,47,42,29,31,41,48,44,38,28,35,43,34,0,0,34,35,38,0,0,01-12-2024 16:13
2024-12-01,C,01-12-2024 21:52,32,0,0,0,0,35,0,0,0,0,0,0,0,0,0,0,0,0,0,0,0,0,0,0,0,0,0,0,0,0,0,0,0,0,0,0,0,0,0,0,0,0,0,0,0,0,0,0,0,0,0,0,0,0,0,0,0,0,0,0,0,0,0,0,0,01-12-2024 21:52
2024-12-01,C,01-12-2024 21:52,32,33,32,22,22,41,38,41,24,23,32,33,40,26,22,33,37,35,28,24,34,36,33,28,26,37,36,36,38,24,41,34,35,28,27,36,32,34,26,25,40,42,34,30,31,42,44,39,35,36,43,45,43,34,41,30,35,33,0,0,31,35,40,0,0,01-12-2024 22:07
2024-12-02,A,02-12-2024 03:00,34,26,26,22,22,37,38,28,20,21,30,37,35,22,22,34,32,27,26,24,36,32,33,26,28,36,30,34,22,24,36,30,30,24,24,32,32,30,23,22,33,41,32,28,27,31,44,36,29,30,30,47,40,30,38,35,29,24,0,0,27,35,32,0,0,02-12-2024 05:40
2024-12-03,A,03-12-2024 02:00,33,35,32,25,25,40,41,40,26,27,38,40,41,26,25,37,35,32,25,27,38,34,36,23,24,34,34,36,23,24,40,33,33,27,26,36,35,33,26,26,34,40,37,30,30,33,45,40,31,30,34,47,42,38,37,28,38,31,0,0,29,32,35,0,0,03-12-2024 08:24
2024-12-04,A,04-12-2024 08:00,32,34,30,23,24,40,41,42,23,23,33,38,34,26,25,37,35,32,26,24,38,38,34,31,28,32,35,37,24,23,40,34,34,28,26,35,35,33,25,24,35,41,36,28,30,36,45,40,31,32,33,46,41,35,34,30,40,32,0,0,28,31,35,0,0,04-12-2024 08:15
2024-12-04,B,04-12-2024 16:26,28,33,32,22,23,38,37,40,23,24,33,39,40,26,25,39,35,29,25,24,40,35,31,30,25,40,37,36,24,25,41,34,34,28,25,38,35,36,26,25,36,43,39,29,30,37,42,41,35,34,37,48,43,37,38,32,39,33,0,0,32,33,39,0,0,04-12-2024 16:32
2024-12-05,A,05-12-2024 03:00,34,34,23,23,24,39,39,42,25,24,33,38,41,27,25,38,35,30,25,25,36,35,36,28,26,36,36,38,25,25,41,34,34,27,26,36,35,33,26,26,35,43,39,30,30,37,47,42,34,33,34,48,42,36,35,31,41,33,0,0,26,30,36,0,0,05-12-2024 05:49
2024-12-05,B,05-12-2024 10:35,34,33,33,24,24,43,43,43,25,24,36,41,42,28,25,42,37,29,26,26,41,39,36,33,28,39,36,39,36,33,39,35,35,28,27,37,34,35,35,27,242,45,39,31,31,45,46,41,36,39,45,49,46,39,40,36,40,33,0,0,34,38,41,0,0,05-12-2024 16:43
2024-12-06,A,06-12-2024 02:00,33,34,30,22,23,30,33,36,22,23,30,34,37,23,22,34,32,28,23,24,33,33,31,32,26,31,32,34,21,20,33,34,34,28,25,32,33,33,24,24,34,42,37,31,32,35,46,41,33,31,34,46,40,36,36,30,39,31,0,0,26,31,35,0,0,06-12-2024 08:28
2024-12-06,B,06-12-2024 10:26,34,36,33,22,23,38,39,43,23,24,34,37,36,24,23,40,36,37,25,23,37,34,35,28,27,39,38,37,28,27,39,35,34,26,27,39,34,35,34,26,41,43,43,32,32,44,46,45,35,33,44,46,45,40,38,34,39,38,0,0,35,40,39,0,0,06-12-2024 16:36
2024-12-06,C,06-12-2024 23:21,30,28,31,24,26,35,34,36,22,21,30,35,34,24,22,37,34,32,22,23,35,37,33,29,25,35,34,34,22,24,35,32,30,25,24,36,32,33,24,23,38,39,36,29,30,41,43,42,36,34,44,46,45,40,38,28,37,32,0,0,32,35,38,0,0,06-12-2024 23:24
2024-12-07,A,07-12-2024 04:00,26,24,22,16,16,37,32,35,18,19,35,32,34,20,19,31,30,24,20,22,31,33,28,20,20,38,30,32,19,19,29,27,27,21,22,28,29,27,20,21,28,35,32,25,25,28,42,37,37,28,31,43,38,33,32,26,37,30,0,0,26,30,34,0,0,07-12-2024 06:44
2024-12-07,C,07-12-2024 23:43,27,31,27,20,22,34,36,38,20,22,36,34,32,22,24,34,32,28,22,23,37,35,32,27,28,36,34,36,21,22,33,31,32,23,24,34,31,32,23,22,40,38,42,29,27,43,42,44,32,34,45,44,46,35,36,30,35,32,0,0,32,35,36,0,0,07-12-2024 23:47
2024-12-08,A,08-12-2024 04:00,30,31,30,18,19,32,33,36,18,19,26,32,34,20,21,32,31,25,21,22,30,31,28,22,23,30,29,33,19,21,29,28,28,22,21,28,36,28,21,24,28,26,33,24,25,30,42,39,28,30,30,43,35,33,32,25,37,28,0,0,27,30,35,0,0,08-12-2024 06:23
2024-12-08,C,08-12-2024 23:18,26,30,32,20,24,35,37,38,20,21,34,35,37,22,25,35,32,34,22,21,37,35,32,30,28,35,35,34,21,22,33,35,39,23,24,34,35,32,26,28,39,40,38,29,27,42,41,43,36,34,43,46,44,40,39,28,36,38,0,0,30,33,39,0,0,08-12-2024 23:23
2024-12-09,A,09-12-2024 05:45,28,30,21,18,18,34,36,38,20,20,28,34,35,21,21,34,30,26,22,21,36,35,32,28,28,33,33,34,21,21,33,30,31,24,23,32,30,27,22,21,36,40,30,25,27,42,43,35,31,30,39,43,38,36,36,28,34,29,0,0,28,33,38,0,0,09-12-2024 05:50
2024-12-09,B,09-12-2024 16:06,32,34,32,22,24,36,37,35,22,24,37,36,35,22,24,37,35,34,24,22,39,37,32,33,29,39,35,34,22,24,35,32,31,25,24,35,31,33,23,22,39,40,37,25,26,42,43,41,39,41,45,44,42,40,42,32,36,31,0,0,31,35,34,0,0,09-12-2024 16:09
2024-12-09,C,09-12-2024 18:00,31,29,28,20,21,37,40,40,19,24,32,39,38,21,23,35,33,37,22,35,40,35,38,26,21,33,21,35,22,24,34,30,31,26,22,34,36,31,23,24,30,40,30,24,36,30,40,32,29,35,35,46,36,30,31,29,30,35,0,0,31,38,34,0,0,09-12-2024 21:02
2024-12-10,A,10-12-2024 21:02,23,25,24,18,17,30,35,35,17,17,24,31,35,21,20,31,28,35,20,20,30,33,35,33,25,30,29,32,19,18,29,28,29,22,21,29,27,28,22,21,33,39,34,23,26,41,42,39,36,35,42,44,41,38,37,29,34,29,0,0,31,33,35,0,0,10-12-2024 08:28
2024-12-10,B,10-12-2024 16:46,23,25,24,17,19,30,35,35,18,20,24,31,35,21,20,31,28,26,20,20,32,33,30,33,31,39,35,32,20,21,35,32,30,22,18,30,30,34,21,18,33,39,41,25,26,41,42,44,36,35,42,44,46,40,39,29,32,31,0,0,31,33,35,0,0,10-12-2024 16:49
2024-12-10,C,10-12-2024 22:00,29,31,26,21,22,34,36,35,20,22,30,35,36,23,25,34,31,29,23,26,37,34,31,32,30,34,31,29,22,22,33,30,31,23,24,35,30,32,23,21,33,40,36,26,27,34,14,36,30,32,32,44,41,34,32,29,37,29,0,0,30,32,34,0,0,10-12-2024 22:42
2024-12-11,A,11-12-2024 02:35,24,20,24,23,22,30,34,34,17,17,24,33,33,20,20,33,33,26,21,21,33,32,31,30,27,30,31,32,19,18,29,28,30,21,21,29,30,28,24,20,36,38,29,25,26,42,43,35,26,26,43,45,42,38,37,24,30,28,0,0,27,29,34,0,0,11-12-2024 08:41
2024-12-14,C,14-12-2024 18:00,27,30,27,17,17,26,34,36,19,19,27,33,36,20,20,32,31,26,21,22,34,31,29,23,29,32,33,35,20,20,32,31,30,23,23,32,32,32,22,22,32,39,34,26,27,32,43,38,30,29,31,43,38,30,29,27,38,30,0,0,27,29,35,0,0,14-12-2024 22:26
2024-12-15,C,15-12-2024 20:00,27,31,28,17,17,26,34,36,19,19,27,34,34,20,19,32,31,26,20,21,34,31,28,23,28,32,33,35,21,26,32,31,30,22,21,32,33,32,22,21,32,40,35,27,28,32,43,37,29,29,31,44,38,32,30,27,39,30,0,0,27,30,35,0,0,15-12-2024 22:39
2024-12-16,A,16-12-2024 05:43,24,27,27,17,17,30,34,35,17,17,24,33,35,20,20,33,33,26,21,21,33,32,31,30,27,30,31,32,19,18,29,28,30,21,21,29,30,28,24,20,42,43,35,25,26,42,43,36,36,36,43,45,42,38,37,24,30,28,0,0,27,29,34,0,0,16-12-2024 08:48
2024-12-16,C,16-12-2024 20:00,33,32,30,19,19,30,40,34,22,22,29,35,40,25,24,37,32,29,24,23,38,36,34,33,26,34,36,37,23,22,35,34,33,24,25,35,31,34,25,24,39,42,32,28,34,42,45,39,35,33,43,46,43,40,39,31,34,31,0,0,32,35,41,0,0,16-12-2024 21:56
2024-12-17,A,17-12-2024 06:01,28,29,27,18,20,30,30,34,16,17,30,32,35,18,18,36,35,36,19,20,38,36,34,30,25,38,36,38,19,18,38,39,37,20,19,37,34,35,19,20,39,40,38,28,30,42,43,41,32,34,46,44,46,38,37,29,32,36,0,0,31,34,39,0,0,17-12-2024 06:03
2024-12-17,B,17-12-2024 14:00,33,37,32,24,24,30,39,40,23,24,32,39,40,24,24,35,35,28,25,25,36,34,30,31,26,34,36,37,23,23,36,34,32,25,24,35,34,32,25,24,35,43,40,29,30,35,46,40,31,32,35,47,41,37,36,29,40,30,0,0,31,33,37,0,0,17-12-2024 16:18
2024-12-17,C,17-12-2024 20:36,26,22,24,25,24,31,39,38,21,22,29,36,37,24,24,36,31,27,24,23,36,34,3,430,29,35,35,37,22,22,35,33,32,26,25,33,30,32,24,23,36,41,36,28,30,41,43,36,31,41,43,45,41,36,36,31,33,32,0,0,29,33,38,0,0,17-12-2024 23:43
2024-12-18,A,18-12-2024 06:02,28,29,31,20,17,34,36,38,20,19,33,38,37,23,22,38,32,34,24,22,39,38,34,32,33,40,38,40,24,21,38,36,34,27,24,36,34,33,24,22,38,40,36,30,32,43,42,44,33,36,46,46,43,38,39,33,36,32,0,0,32,34,39,0,0,18-12-2024 06:04
2024-12-18,B,18-12-2024 20:00,32,35,32,26,27,30,37,41,24,24,32,38,40,25,25,36,34,30,26,25,33,35,32,27,28,35,35,34,25,25,34,33,33,24,24,35,34,34,25,24,34,43,37,30,31,35,46,38,30,31,35,48,41,37,36,30,41,32,0,0,35,35,37,0,0,18-12-2024 14:46
2024-12-18,C,18-12-2024 20:52,28,25,26,27,20,32,39,38,21,23,31,37,39,25,23,38,32,27,26,24,37,32,3,232,27,35,34,36,22,22,36,37,33,25,24,34,31,32,23,23,36,40,35,28,30,42,44,36,32,30,42,45,39,34,36,31,35,32,0,0,29,34,37,0,0,18-12-2024 21:56
2024-12-19,B,19-12-2024 14:00,32,34,30,22,21,27,38,39,21,22,28,36,38,24,23,35,34,27,23,24,36,35,32,32,27,32,36,37,22,22,35,33,33,24,24,34,32,31,23,23,33,41,37,29,29,33,46,40,30,29,33,46,40,30,29,29,40,30,0,0,29,34,37,0,0,19-12-2024 16:18
2024-12-19,C,19-12-2024 18:24,31,30,30,20,20,32,38,39,21,21,29,34,38,24,22,36,34,26,25,24,39,36,34,35,27,35,37,39,23,23,34,34,33,26,25,35,32,33,24,24,39,43,34,39,28,42,44,38,33,37,39,45,37,36,37,34,37,31,0,0,31,35,39,0,0,19-12-2024 21:27
2024-12-20,A,20-12-2024 08:21,28,28,32,16,18,24,31,33,16,18,30,32,34,19,20,34,31,33,20,19,36,32,34,28,26,39,38,37,17,18,40,36,38,22,21,30,28,31,19,18,36,38,36,29,30,41,39,41,32,34,44,46,43,38,40,30,34,36,0,0,34,39,41,0,0,20-12-2024 08:23
2024-12-20,B,20-12-2024 14:00,32,33,30,23,23,27,36,39,22,23,27,34,39,21,21,35,34,30,23,23,35,36,32,23,24,35,33,37,23,23,36,33,32,26,24,32,42,34,24,23,33,42,37,29,30,33,45,41,30,30,35,46,42,35,34,27,40,31,0,0,29,32,37,0,0,20-12-2024 16:29
2024-12-20,C,20-12-2024 19:13,32,34,30,2922,20,30,39,35,22,23,28,34,41,25,23,38,35,29,26,24,39,35,35,29,26,33,35,38,22,22,34,33,33,25,24,35,32,33,23,23,36,42,38,30,31,39,45,39,31,31,31,46,41,34,36,31,36,32,0,0,31,37,38,0,0,20-12-2024 21:17
2024-12-21,B,21-12-2024 14:00,32,33,31,23,22,27,36,39,22,22,27,36,38,23,22,35,32,27,24,23,35,34,32,30,28,32,37,37,22,22,35,33,33,26,23,35,34,33,24,24,32,42,37,30,29,33,46,41,31,30,34,47,42,37,36,29,40,31,0,0,29,34,37,0,0,21-12-2024 16:30
2024-12-22,B,22-12-2024 14:00,32,33,32,26,27,30,37,41,24,24,32,38,40,25,25,36,34,30,26,25,33,35,32,27,28,35,35,24,25,25,34,33,33,25,24,35,34,34,25,25,34,43,37,30,31,35,46,38,30,31,35,48,41,37,36,30,41,32,0,0,32,35,37,0,0,23-12-2024 05:19
2024-12-23,A,23-12-2024 05:22,24,22,25,19,24,30,34,33,26,26,22,34,32,18,26,30,29,23,21,29,32,29,27,21,19,30,29,32,17,20,28,26,27,21,28,28,22,26,20,25,24,38,31,22,28,28,45,35,32,34,24,42,36,33,30,24,26,28,0,0,25,30,33,0,0,23-12-2024 05:25
2024-12-23,B,23-12-2024 10:26,34,33,34,23,22,41,42,38,23,23,33,39,41,26,23,40,35,29,25,24,40,38,34,29,27,37,40,39,24,23,38,35,34,26,26,38,34,33,24,23,41,44,35,32,31,42,44,40,31,32,41,46,42,31,32,33,38,32,0,0,34,37,41,0,0,23-12-2024 16:30
2024-12-24,A,24-12-2024 04:00,30,31,29,21,21,27,36,38,20,20,26,36,38,22,22,34,33,27,22,22,35,33,31,30,24,30,33,35,21,20,32,30,30,21,20,31,32,29,21,20,35,40,35,29,28,31,45,36,28,29,32,45,38,34,34,32,39,30,0,0,28,31,37,0,0,24-12-2024 06:24
2024-12-25,B,25-12-2024 10:10,33,36,35,24,22,36,43,43,22,22,36,41,41,26,23,37,36,29,24,24,37,38,35,30,28,38,41,35,30,28,39,35,3,527,26,38,34,36,25,25,42,44,36,25,25,42,45,41,36,35,34,37,31,0,0,34,37,31,0,0,33,37,41,0,0,25-12-2024 16:20
2024-12-25,A,25-12-2024 04:00,26,29,27,17,16,26,33,36,18,18,25,32,35,21,20,34,33,25,22,20,34,33,25,22,20,30,32,33,20,19,31,30,30,23,222,28,30,28,20,20,29,35,32,25,26,30,42,37,26,27,30,44,38,31,31,25,0,0,0,0,0,0,0,0,0,26-12-2024 06:28
2024-12-26,C,26-12-2024 23:33,34,24,27,21,22,31,38,38,22,23,32,36,40,29,26,36,36,39,23,25,41,31,35,29,27,45,37,39,29,24,39,36,35,30,29,41,39,3,0,0,0,0,0,0,0,0,0,0,0,0,0,0,0,0,0,0,0,0,0,0,0,0,0,0,0,26-12-2024 23:34
2024-12-26,C,26-12-2024 23:34,26,34,24,27,22,23,38,38,22,26,31,38,38,22,26,36,36,39,23,25,41,31,35,29,24,45,37,39,29,24,39,36,35,30,29,41,39,37,27,26,43,44,40,34,32,44,42,42,43,39,43,42,46,43,40,35,36,32,0,0,33,36,40,0,0,26-12-2024 23:36
2024-12-27,A,27-12-2024 05:27,34,22,29,22,23,32,36,31,29,26,32,36,31,29,26,36,35,32,19,20,31,29,22,29,24,42,36,32,24,27,32,34,34,29,28,40,38,34,29,28,42,40,39,37,31,43,46,42,41,39,41,42,42,38,41,36,35,32,0,0,34,39,33,0,0,27-12-2024 05:29
2024-12-27,B,27-12-2024 10:24,38,37,36,29,29,36,41,42,23,24,37,42,37,24,24,38,36,31,24,23,37,39,35,31,29,41,41,42,25,25,36,41,35,29,28,40,36,34,26,26,42,45,36,31,32,43,46,42,38,35,43,47,44,38,35,36,37,32,0,0,34,36,42,0,0,27-12-2024 16:28
2024-12-28,A,28-12-2024 05:35,33,32,30,20,20,30,38,38,22,22,29,37,38,22,21,34,33,28,22,21,36,34,32,25,26,34,36,37,22,22,34,31,31,22,22,32,32,30,25,23,33,40,37,29,29,32,40,37,29,29,33,47,41,32,36,27,38,30,0,0,2,932,38,0,0,28-12-2024 05:38
2024-12-29,A,29-12-2024 05:54,30,30,28,19,19,26,35,37,20,19,26,36,38,20,21,30,32,26,20,20,34,35,31,26,25,31,35,37,21,20,32,30,30,24,26,31,31,28,23,23,32,41,36,27,23,32,45,39,28,26,31,46,40,31,28,28,38,29,0,0,28,30,37,0,0,29-12-2024 05:55
2024-12-28,C,28-12-2024 15:00,31,26,25,20,23,29,235,36,23,23,29,36,37,26,21,37,34,33,22,23,38,32,31,22,23,33,36,37,22,24,34,31,30,22,24,32,31,31,24,29,33,39,36,28,31,32,45,40,30,32,33,46,41,31,35,27,38,30,0,0,320,32,37,0,0,29-12-2024 06:00
2024-12-29,B,29-12-2024 10:05,35,35,34,24,22,36,43,37,20,19,34,41,42,28,26,34,41,42,28,26,43,41,36,31,30,40,42,41,26,26,39,36,35,29,28,41,36,34,27,25,43,45,36,27,31,43,47,41,37,33,44,47,43,37,38,36,41,30,0,0,34,38,41,0,0,29-12-2024 15:05
2024-12-30,A,30-12-2024 06:19,30,29,27,19,18,30,37,38,20,21,28,35,37,23,22,35,30,27,23,22,37,33,33,32,28,34,36,37,21,21,34,31,31,24,22,34,32,31,23,21,38,42,33,27,30,42,45,38,30,32,42,46,40,33,34,29,34,29,0,0,27,32,37,0,0,30-12-2024 06:22
2024-12-29,C,29-12-2024 16:00,30,30,29,23,22,36,4,241,27,24,39,40,41,25,25,41,35,33,25,24,38,41,35,26,30,43,35,34,26,27,40,35,34,26,27,340,35,0,0,0,0,0,0,0,0,0,0,0,0,0,0,0,0,0,0,0,0,0,0,0,0,0,0,0,0,30-12-2024 06:25
2024-12-31,A,31-12-2024 03:03,28,29,27,17,18,29,33,33,19,20,26,36,36,22,22,33,31,27,22,23,36,33,32,28,26,35,32,38,22,22,34,31,33,24,23,35,33,32,23,23,37,41,33,30,30,42,43,38,33,32,43,46,40,34,35,28,38,29,0,0,26,30,33,0,0,31-12-2024 09:06
2025-01-01,A,01-01-2025 05:58,27,27,26,18,16,28,36,36,18,18,27,35,35,21,20,31,32,24,21,21,34,33,31,27,26,32,36,35,20,20,30,31,30,23,21,32,30,29,21,19,38,42,29,27,26,41,43,40,29,28,39,43,38,31,34,28,23,26,0,0,25,30,36,0,0,01-01-2025 06:30
2025-01-02,A,02-01-2025 05:39,32,32,30,19,19,29,37,36,19,19,27,35,35,22,20,32,33,26,21,21,35,34,31,26,24,32,36,37,21,21,32,31,31,23,22,34,30,32,20,20,39,42,33,28,27,41,43,39,30,29,41,44,40,34,34,27,34,29,0,0,27,31,36,0,0,02-01-2025 05:42
2025-01-02,C,02-01-2025 21:16,26,28,26,16,16,22,32,33,17,19,24,30,33,19,18,28,30,22,19,17,32,30,27,19,21,28,32,34,16,17,28,26,26,20,19,27,28,25,19,18,30,37,32,26,24,31,43,37,28,27,30,44,38,30,31,24,33,26,0,0,24,27,33,0,0,02-01-2025 21:18
2025-01-01,C,01-01-2025 18:00,28,31,25,18,17,26,35,36,17,18,25,34,36,19,18,33,33,26,22,21,33,33,29,24,25,37,33,33,19,19,30,28,28,23,22,32,29,28,22,21,32,40,34,27,28,31,45,38,30,28,32,46,38,31,0,0,0,0,0,0,0,0,0,0,0,02-01-2025 21:26
2024-12-31,C,31-12-2024 21:27,29,28,25,19,18,27,36,34,20,19,24,30,33,22,20,33,27,25,24,20,33,30,30,17,26,30,27,32,22,17,30,27,22,22,17,30,29,26,21,20,28,37,30,24,22,29,43,30,30,26,30,44,34,31,32,37,37,28,0,0,25,33,36,0,0,02-01-2025 21:30
2025-01-07,B,07-01-2025 14:25,24,26,26,16,18,30,36,34,19,18,22,27,32,18,19,33,38,34,19,18,31,32,28,24,29,34,33,31,18,19,31,30,31,20,21,30,37,34,21,19,32,41,32,24,25,32,42,36,29,30,39,44,39,32,33,30,35,30,0,0,31,32,35,0,0,07-01-2025 14:28
2025-01-06,B,06-01-2025 14:35,31,33,29,17,21,31,38,37,22,20,30,38,37,21,22,33,34,34,22,31,33,30,35,27,28,35,35,35,19,19,37,31,30,22,22,34,31,29,22,22,32,43,36,25,25,33,43,36,28,29,29,41,40,32,33,29,28,38,0,0,29,28,38,0,0,07-01-2025 14:37
2025-01-05,C,05-01-2025 18:00,26,27,34,16,16,27,35,34,16,16,25,33,35,18,18,28,32,23,20,19,29,31,27,25,30,32,34,34,18,17,30,30,30,20,19,30,28,27,20,18,33,38,30,25,24,35,42,37,29,28,36,43,38,31,32,26,33,37,0,0,26,35,28,0,0,07-01-2025 14:41
2025-01-04,C,04-01-2025 18:46,26,28,24,16,16,21,32,32,16,16,20,32,34,18,17,28,30,21,18,16,28,30,25,25,27,28,32,33,16,16,29,27,27,19,18,27,26,25,17,16,30,36,31,23,22,28,41,35,24,24,29,42,35,30,30,23,34,34,0,0,24,26,30,0,0,07-01-2025 14:48
2025-01-07,C,07-01-2025 18:46,29,28,29,19,17,30,38,37,19,21,28,37,37,22,22,30,33,25,23,22,34,34,31,29,31,34,36,35,20,18,33,31,30,23,22,33,30,31,21,20,37,42,31,29,28,41,43,42,33,30,41,43,39,33,30,29,32,27,0,0,27,30,36,0,0,07-01-2025 21:52
2025-01-13,B,08-01-2025 13:22,36,33,30,18,18,27,35,37,19,19,25,35,37,22,19,32,33,25,22,22,34,32,29,26,24,33,36,37,19,19,32,30,30,22,21,29,28,29,20,21,31,40,36,27,25,32,47,42,28,29,31,46,39,35,34,28,40,29,0,0,27,29,34,0,0,08-01-2025 16:25
2025-01-09,B,09-01-2025 14:11,28,32,26,18,16,26,33,37,20,18,27,34,39,18,19,25,32,23,20,19,32,31,27,27,26,30,35,35,19,19,32,30,30,22,21,31,30,28,20,20,31,39,36,24,27,31,45,40,27,26,31,46,38,33,34,2,537,27,0,0,26,24,34,0,0,09-01-2025 14:14
2025-01-09,C,09-01-2025 19:05,30,31,30,18,17,31,38,38,20,20,29,38,38,23,22,32,32,25,22,23,35,33,30,26,29,35,36,35,20,19,32,30,30,22,22,35,30,31,21,21,38,41,31,28,28,42,45,37,33,31,41,44,29,34,37,30,36,30,0,0,27,29,36,0,0,09-01-2025 22:13
2025-01-10,B,10-01-2025 14:34,29,33,28,19,17,27,34,38,20,19,28,35,40,19,18,27,33,24,21,20,33,34,29,28,27,32,35,35,20,21,33,32,32,23,22,32,31,29,21,20,32,41,37,26,27,32,46,40,28,29,33,47,40,34,34,24,38,24,0,0,24,30,35,0,0,10-01-2025 14:35
2025-01-10,C,10-01-2025 18:00,28,27,26,18,17,31,36,37,19,19,32,36,37,22,22,36,36,26,25,20,36,36,32,30,38,34,36,35,20,20,33,31,30,23,22,33,30,31,21,21,37,41,32,28,26,41,43,37,32,30,41,44,39,33,37,29,35,30,0,0,29,32,37,0,0,10-01-2025 22:05
2025-01-12,C,12-01-2025 18:29,31,30,30,19,19,31,39,39,31,31,28,37,39,24,23,35,34,27,23,22,37,34,33,30,30,36,38,39,22,22,34,33,30,26,25,33,29,32,23,23,38,42,32,29,29,41,43,36,33,33,41,44,39,34,38,30,33,31,0,0,29,33,37,0,0,12-01-2025 22:32
2025-01-13,B,13-01-2025 10:08,33,35,34,24,23,35,40,40,23,23,33,36,34,25,24,36,38,26,25,24,38,37,33,32,33,40,41,41,24,22,38,34,34,26,26,39,33,34,24,24,41,44,35,29,29,42,46,39,36,31,42,46,42,37,38,33,37,31,0,0,32,35,39,0,0,13-01-2025 16:12
2025-01-14,B,14-01-2025 10:48,29,30,30,19,18,30,36,38,19,19,29,31,37,23,22,32,33,24,23,23,33,34,32,29,29,40,39,40,23,23,37,34,33,25,25,38,29,32,26,26,41,42,34,28,28,41,43,37,32,31,42,44,39,36,37,31,33,29,0,0,28,32,36,0,0,14-01-2025 14:52
2025-01-11,B,11-01-2025 14:00,34,33,31,24,28,29,35,39,23,24,29,36,40,24,23,34,35,29,26,25,38,38,31,27,28,36,38,37,25,24,40,35,35,29,27,35,35,31,25,26,34,42,38,29,29,35,46,39,30,30,34,47,40,37,36,32,40,31,0,0,32,34,38,0,0,15-01-2025 05:10
2025-01-12,B,12-01-2025 14:00,32,30,29,22,22,28,38,40,22,24,29,37,38,23,22,32,35,27,24,33,34,34,32,28,33,36,38,38,29,23,36,33,31,24,24,36,33,31,24,24,34,42,37,28,27,33,45,38,29,30,34,47,40,27,36,30,40,31,0,0,30,31,36,0,0,15-01-2025 05:18
2025-01-13,A,13-01-2025 05:18,26,29,28,21,27,29,36,35,22,22,25,36,30,34,22,30,32,24,19,27,33,30,33,23,28,30,35,34,20,22,31,28,28,24,19,31,30,28,27,24,0,0,0,0,0,0,0,0,0,0,0,0,0,0,0,0,0,0,0,0,0,0,0,0,0,15-01-2025 05:20
2025-01-13,A,13-01-2025 05:20,26,29,28,21,17,29,36,35,22,19,25,36,30,34,22,30,32,24,19,27,33,30,33,23,28,30,35,34,20,21,31,28,28,24,19,31,30,28,27,24,30,40,30,31,26,31,40,31,20,30,30,45,34,21,31,25,28,30,0,0,24,34,28,0,0,15-01-2025 05:22
2025-01-14,A,14-01-2025 05:27,31,32,28,19,19,27,36,39,21,20,27,35,39,20,20,33,35,27,23,23,34,34,31,28,27,32,37,38,22,22,34,31,31,24,25,31,32,31,23,23,32,40,28,25,32,45,37,28,29,28,30,44,37,28,29,27,36,29,0,0,26,27,33,0,0,15-01-2025 05:29
2025-01-15,A,15-01-2025 07:00,28,29,27,18,18,27,34,36,19,21,26,35,36,21,22,29,33,26,24,23,33,34,32,28,33,30,34,35,21,21,33,30,30,23,23,31,32,30,21,22,31,39,34,26,25,31,43,35,28,28,31,44,38,30,29,25,36,25,0,0,27,27,35,0,0,15-01-2025 08:22
2025-01-16,B,16-01-2025 11:34,26,26,27,17,16,28,35,34,19,24,24,36,36,22,21,31,35,26,23,20,35,33,31,27,25,33,35,34,20,20,32,31,30,27,26,32,28,32,21,21,37,41,30,27,26,39,42,35,33,31,41,43,38,35,37,28,32,27,0,0,26,30,34,0,0,16-01-2025 14:38
2025-01-20,A,20-01-2025 06:00,25,29,27,14,14,27,34,34,19,18,21,32,35,20,19,28,33,23,22,20,34,29,30,30,30,25,32,36,37,22,19,32,29,29,22,31,29,29,22,21,39,40,30,26,26,41,43,36,31,28,41,45,38,33,37,28,31,27,0,0,26,31,36,0,0,20-01-2025 09:09
2025-01-19,A,20-01-2025 07:14,29,30,28,17,16,26,35,37,20,19,26,34,36,20,19,32,32,26,22,20,33,34,31,26,20,29,32,33,19,20,31,28,28,20,20,29,29,26,202,0,29,39,34,20,20,32,45,34,26,25,29,44,36,31,30,24,36,27,0,0,24,26,31,0,0,20-01-2025 09:18
2025-01-23,A,23-01-2025 03:23,27,29,27,16,16,25,33,33,17,16,24,23,35,20,17,27,32,22,23,19,33,29,29,28,25,34,36,37,22,21,33,31,30,24,23,32,28,31,22,21,33,40,32,30,27,41,43,36,30,29,41,44,38,35,37,26,32,28,0,0,28,33,26,0,0,23-01-2025 06:26
2025-01-24,C,24-01-2025 21:07,32,31,29,20,19,27,37,40,23,23,28,38,40,23,24,33,34,28,25,25,35,35,33,28,27,34,37,39,23,23,35,34,34,27,26,32,31,29,24,24,33,46,39,28,29,33,46,39,28,29,33,47,40,34,33,29,40,31,0,0,29,29,36,0,0,24-01-2025 21:09
2025-01-23,C,23-01-2025 21:15,29,30,28,18,18,27,35,36,20,20,26,37,39,20,22,31,33,26,23,20,35,32,30,31,25,30,36,34,21,20,32,30,30,23,22,31,30,29,21,21,31,42,36,28,27,31,46,37,30,28,32,46,39,30,30,26,38,28,0,0,28,29,35,0,0,24-01-2025 21:17
2025-01-22,B,22-01-2025 21:17,26,30,28,17,17,28,35,36,20,18,25,35,32,21,21,32,33,24,23,20,33,30,31,27,28,30,31,32,21,20,31,28,28,21,21,30,29,28,21,21,29,38,30,25,23,30,42,30,27,28,30,52,43,33,33,26,29,30,0,0,26,35,26,0,0,24-01-2025 21:19
2025-01-21,C,21-01-2025 21:25,32,32,27,19,20,32,30,39,21,20,28,36,38,23,22,34,33,27,23,22,35,32,31,25,27,32,35,37,21,21,33,29,29,23,23,29,30,29,22,22,32,40,34,25,25,31,45,36,27,28,33,0,0,0,0,0,0,0,0,0,0,0,0,0,0,24-01-2025 21:26
2025-01-21,C,21-01-2025 21:26,32,32,27,19,20,32,38,39,21,20,28,36,38,23,22,34,33,27,23,22,35,32,31,25,27,32,35,37,21,21,33,29,29,23,23,29,30,29,22,22,32,40,34,25,25,31,45,36,27,28,33,46,38,31,30,27,37,29,0,0,27,27,34,0,0,24-01-2025 21:28
2025-01-24,A,25-01-2025 02:31,28,29,27,16,26,25,33,32,18,18,24,32,34,20,19,31,33,25,22,21,32,32,31,26,24,29,32,34,19,18,30,29,28,22,21,31,29,28,21,19,37,41,32,29,28,39,45,38,29,28,40,45,38,33,37,21,34,28,0,0,26,30,36,0,0,25-01-2025 04:42
2025-01-25,C,25-01-2025 23:13,33,32,30,20,20,28,35,40,23,24,28,36,41,24,24,33,34,30,24,23,35,34,31,28,27,33,34,36,24,24,34,33,33,24,24,32,31,29,27,24,33,42,36,28,26,33,47,38,33,27,33,47,40,32,32,29,40,31,0,0,29,29,35,0,0,25-01-2025 23:15
2025-01-27,C,27-01-2025 20:05,34,33,30,21,21,27,36,41,24,23,28,37,40,23,23,33,34,28,24,24,35,34,31,27,28,34,36,37,23,23,33,34,34,24,23,31,32,30,24,24,33,43,37,27,26,33,47,40,34,33,27,40,31,26,33,26,33,28,0,0,28,33,36,0,0,27-01-2025 21:00
2025-01-29,C,29-01-2025 19:37,36,39,35,24,23,35,41,42,23,24,34,40,41,26,26,37,37,30,26,24,41,37,35,31,31,38,41,42,25,24,38,36,36,27,26,38,35,33,26,25,41,43,35,29,32,43,47,44,36,34,44,45,43,36,40,36,39,33,0,0,33,36,39,0,0,29-01-2025 20:40
2025-01-30,C,30-01-2025 20:33,32,34,36,21,21,33,39,41,23,23,32,37,42,26,25,36,36,31,31,23,35,37,34,32,33,39,39,41,25,24,37,33,34,26,26,37,30,33,25,25,41,42,34,30,31,43,53,43,34,36,41,46,43,37,40,34,26,32,0,0,31,33,39,0,0,30-01-2025 21:36
2025-01-31,C,31-01-2025 20:07,33,34,32,20,21,34,36,37,24,23,32,37,40,24,24,35,34,31,29,25,36,34,34,31,28,37,39,40,24,23,37,34,34,27,26,37,29,33,26,25,41,43,35,31,32,42,50,45,32,33,41,44,43,30,39,35,38,33,0,0,33,34,39,0,0,31-01-2025 22:14
2025-02-02,C,02-02-2025 19:27,36,37,37,24,23,29,38,41,27,26,32,40,40,26,25,36,36,31,26,25,37,35,35,28,26,38,39,40,25,25,37,34,33,26,26,36,32,34,26,25,41,43,35,31,30,42,52,42,34,32,42,45,41,36,40,34,36,32,0,0,31,30,39,0,0,02-02-2025 23:02
2025-02-03,B,03-02-2025 13:39,36,37,35,25,25,35,42,43,25,25,37,40,43,28,25,38,38,31,27,26,41,39,35,30,30,37,40,41,26,25,39,37,36,29,28,40,36,35,29,26,43,45,36,32,30,43,48,42,37,33,44,48,42,37,33,35,37,32,0,0,34,33,40,0,0,03-02-2025 16:42
2025-01-29,B,29-01-2025 13:00,35,38,35,22,23,32,41,41,24,22,33,40,38,35,25,36,36,38,29,22,40,32,37,22,31,38,39,38,35,22,37,33,32,24,35,36,33,31,26,24,34,42,33,31,30,38,50,45,35,32,31,5,40,32,37,34,29,34,0,0,32,38,31,0,0,04-02-2025 05:29
2025-01-30,B,30-01-2025 13:00,35,38,35,22,23,32,41,41,23,22,33,40,38,24,25,36,36,38,35,22,40,32,37,29,31,38,39,38,22,22,37,33,31,24,24,36,33,31,24,24,34,42,33,26,30,38,51,45,31,32,31,50,40,38,37,34,29,34,0,0,32,38,31,0,0,04-02-2025 05:37
2025-01-31,B,31-01-2025 13:00,35,36,39,24,23,32,41,42,24,23,34,42,41,24,26,37,36,30,25,23,40,33,37,24,32,39,40,41,24,23,39,40,41,24,23,39,35,33,26,26,36,42,36,31,30,38,50,46,35,32,34,48,43,38,39,35,33,36,0,0,33,39,33,0,0,04-02-2025 05:40
2025-02-01,B,01-02-2025 13:00,35,36,35,24,24,34,43,42,24,25,35,42,40,26,27,38,37,30,28,24,4,135,39,25,26,4,38,38,28,25,38,35,33,28,26,36,35,34,26,26,36,44,36,27,31,40,50,47,31,34,38,49,43,34,40,35,33,36,0,0,34,39,34,0,0,04-02-2025 05:51
2025-02-02,B,02-02-2025 17:00,37,39,40,25,25,35,43,43,25,24,33,42,41,26,27,40,35,31,26,28,42,35,39,28,30,40,39,39,25,28,4,35,35,28,27,40,36,34,28,26,38,47,39,32,30,40,50,43,35,32,37,49,45,39,38,39,34,38,0,0,35,40,35,0,0,04-02-2025 05:53
2025-02-03,A,03-02-2025 05:56,28,3,1,32,20,17,22,37,35,21,19,30,31,26,22,20,36,34,32,24,24,33,33,22,23,27,28,32,19,18,29,26,27,22,21,26,29,27,22,19,30,38,30,24,24,30,40,32,27,26,32,46,38,29,31,24,29,27,0,0,23,31,23,0,0,04-02-2025 05:58
2025-02-04,A,04-02-2025 06:03,29,29,27,18,17,27,36,38,22,21,27,35,38,21,22,32,33,27,22,21,35,33,30,24,23,31,32,34,23,23,33,32,32,24,24,31,30,30,24,24,32,41,35,26,27,33,46,38,27,27,32,47,38,31,30,27,38,30,0,0,27,27,34,0,0,04-02-2025 06:04
2025-02-04,B,04-02-2025 14:27,35,36,34,22,22,33,39,40,25,24,29,41,40,26,25,32,36,29,25,24,39,36,33,28,26,38,39,40,25,25,36,35,34,27,27,39,34,34,27,25,41,43,34,30,30,43,48,42,37,34,42,49,44,37,39,34,37,32,0,0,32,34,40,0,0,04-02-2025 14:30
2025-02-05,B,05-02-2025 13:43,33,36,34,22,22,33,39,40,25,24,32,41,40,26,25,32,36,29,25,24,39,39,40,29,25,38,39,40,25,24,36,35,34,25,27,39,34,34,27,27,41,43,34,27,27,42,47,38,34,36,42,49,44,37,39,34,37,32,0,0,32,34,40,0,0,05-02-2025 16:50
2025-02-09,A,09-02-2025 05:33,33,34,31,19,18,25,35,37,21,21,25,35,37,22,21,32,32,28,23,22,35,34,30,26,27,33,33,35,23,27,33,31,32,24,23,32,29,28,23,23,32,40,35,28,28,33,43,36,272,6,32,44,32,31,30,25,37,28,0,0,25,25,32,0,0,09-02-2025 05:35
2025-02-08,A,08-02-2025 05:40,25,25,24,26,27,28,35,37,21,20,28,35,37,21,20,34,32,28,21,21,32,32,29,24,25,30,34,35,21,20,32,30,30,23,22,33,29,27,22,21,32,40,35,26,25,34,45,37,27,26,38,46,38,30,29,24,35,29,0,0,23,24,32,0,0,09-02-2025 05:41
2025-02-07,A,07-02-2025 05:42,27,29,27,18,18,25,34,36,20,20,25,35,37,22,22,30,30,26,23,23,30,31,30,26,25,28,29,29,17,17,27,29,21,26,20,272,9,21,26,20,32,39,31,20,20,33,45,38,27,26,32,46,39,30,29,25,35,28,0,0,24,24,31,0,0,09-02-2025 05:44
2025-02-06,A,06-02-2025 05:49,26,30,31,16,17,25,38,33,19,20,24,36,32,30,22,30,32,26,22,21,36,30,33,24,25,29,34,33,20,19,31,28,28,22,21,30,30,29,22,20,28,38,29,252,3,30,40,30,27,26,24,45,35,30,31,24,29,30,0,0,24,35,25,0,0,09-02-2025 05:51
2025-02-05,A,05-02-2025 05:51,29,28,26,18,20,27,36,38,20,21,26,35,39,21,22,30,32,28,20,26,34,33,30,27,23,30,32,33,22,20,32,33,33,21,21,30,28,30,22,27,33,44,35,26,28,33,45,39,27,28,33,47,40,31,31,27,38,30,0,0,27,28,34,0,0,09-02-2025 05:53
2025-02-10,A,10-02-2025 03:42,30,31,30,16,16,27,37,37,20,20,26,37,37,22,21,32,33,28,22,21,37,36,32,21,21,37,36,36,25,24,35,32,31,25,23,34,29,32,24,24,38,41,31,29,28,39,42,36,32,35,39,43,37,34,37,28,29,31,0,0,27,31,35,0,0,10-02-2025 05:46
2025-02-10,B,10-02-2025 14:16,37,39,32,25,24,35,40,42,24,25,33,29,28,22,21,32,33,28,23,22,41,37,35,24,23,38,37,36,26,24,35,33,31,25,23,35,39,33,24,25,39,41,32,29,28,39,43,37,32,35,40,44,38,34,36,29,30,31,0,0,28,32,35,0,0,10-02-2025 14:19
2025-02-11,A,11-02-2025 02:27,29,30,30,17,17,31,38,40,21,21,27,36,37,24,23,34,32,28,23,22,38,37,33,26,25,36,37,37,23,22,35,33,31,25,24,34,30,32,23,22,39,42,32,30,28,40,43,35,33,35,41,44,36,33,35,29,35,30,0,0,27,31,36,0,0,11-02-2025 08:31
2025-02-12,A,12-02-2025 02:20,39,40,30,29,30,38,37,42,26,25,36,40,41,27,25,41,35,37,29,28,40,37,34,30,23,35,34,36,22,22,34,33,31,24,21,33,31,32,23,28,38,40,33,30,30,42,43,36,33,30,42,43,35,35,36,36,34,36,0,0,32,37,35,0,0,12-02-2025 08:28
2025-02-13,A,13-02-2025 02:02,26,29,28,17,16,28,36,38,21,26,26,33,37,22,21,30,32,25,21,20,37,38,33,27,25,34,32,33,26,19,31,29,29,23,21,33,29,29,22,18,37,39,33,36,27,41,44,37,32,39,41,43,38,33,37,27,30,29,0,0,27,29,34,0,0,13-02-2025 08:05
2025-02-14,A,14-02-2025 03:08,33,34,32,22,21,33,42,42,24,24,32,39,41,26,24,32,35,30,24,23,42,34,35,30,29,38,37,37,23,23,36,33,33,26,24,35,31,32,24,24,37,44,38,29,28,35,48,38,31,30,34,47,40,34,33,31,30,38,0,0,26,26,31,0,0,14-02-2025 08:13
2025-02-13,B,13-02-2025 08:39,33,37,32,23,22,35,38,40,24,23,33,36,36,26,25,41,34,35,28,24,40,35,34,26,24,36,37,36,23,22,35,33,31,25,24,34,30,32,23,22,39,42,32,30,28,40,43,35,33,35,41,44,36,34,36,29,35,30,0,0,27,31,36,0,0,14-02-2025 08:41
2025-02-14,B,14-02-2025 09:09,33,36,33,24,23,34,39,42,24,26,32,38,40,25,25,36,33,32,23,24,26,32,34,24,26,35,34,33,21,20,33,30,29,23,22,34,35,28,22,20,37,41,32,28,29,41,47,37,39,34,42,44,38,35,36,30,32,34,0,0,29,34,36,0,0,15-02-2025 09:12
2025-02-15,B,15-02-2025 09:27,36,32,34,21,20,34,42,38,26,24,36,41,40,26,24,39,36,38,27,24,41,39,36,27,26,38,38,35,24,24,39,34,39,26,24,38,34,3625,24,25,39,44,41,30,32,42,48,43,34,36,44,46,47,39,38,30,38,36,0,0,33,36,41,0,0,16-02-2025 09:45
2025-02-16,C,16-02-2025 21:14,33,28,27,28,29,30,39,42,24,24,32,38,41,24,25,40,35,30,26,24,39,34,30,28,27,36,35,36,24,24,34,34,34,26,24,33,33,34,26,25,0,0,0,0,0,0,0,0,0,0,0,0,0,0,0,0,0,0,0,0,0,0,0,0,0,16-02-2025 21:15
2025-02-16,C,16-02-2025 21:15,32,30,29,20,21,30,39,42,24,24,32,38,41,24,25,40,35,30,26,24,39,34,30,28,27,36,35,36,24,24,34,34,34,26,24,33,33,34,26,25,36,44,37,30,29,36,49,41,33,34,35,48,41,35,36,32,41,33,0,0,31,31,37,0,0,16-02-2025 21:17
2025-02-15,C,15-02-2025 21:21,34,37,30,22,22,31,40,42,24,24,32,39,41,26,25,35,36,30,26,24,38,36,30,27,29,36,39,40,25,25,36,34,34,27,25,37,32,33,25,28,35,44,39,29,28,36,49,38,31,35,35,48,42,36,34,30,40,31,0,0,30,30,36,0,0,16-02-2025 21:23
2025-02-14,C,14-02-2025 21:23,32,35,30,26,20,30,40,41,25,25,34,35,28,24,24,34,35,28,24,24,40,38,35,23,26,37,35,36,25,25,35,33,32,25,26,35,32,33,30,23,35,44,38,39,28,36,48,39,36,35,30,35,48,41,3535,30,40,31,0,0,27,27,34,0,0,16-02-2025 21:25
2025-02-13,C,13-02-2025 21:30,33,34,32,22,21,33,42,42,24,24,32,39,41,26,24,32,35,30,24,23,42,34,35,30,29,38,37,37,23,23,36,33,33,29,28,35,31,32,24,24,37,44,38,31,28,35,48,38,31,30,34,47,40,34,33,31,30,38,0,0,26,26,31,0,0,16-02-2025 21:32
2025-02-12,C,12-02-2025 21:32,33,37,32,23,22,30,38,42,25,24,31,39,42,26,25,36,37,31,25,26,41,40,36,28,27,40,38,39,26,25,37,34,34,28,26,37,35,34,28,27,36,46,37,29,28,37,50,40,29,29,36,48,41,35,34,33,41,33,0,0,30,30,38,0,0,16-02-2025 21:34
2025-02-11,C,11-02-2025 21:39,35,35,32,22,22,29,39,42,23,23,28,37,41,24,24,36,35,29,24,25,38,36,32,28,29,38,36,36,25,25,35,36,35,26,26,39,34,36,27,28,37,45,39,30,29,35,43,38,32,31,32,44,41,35,35,32,42,34,0,0,32,32,38,0,0,16-02-2025 21:41
2025-02-10,C,10-02-2025 21:45,36,38,38,23,23,34,43,42,24,25,32,43,37,242,7,35,34,30,24,24,45,35,41,25,26,41,35,37,24,24,38,34,35,29,26,40,37,36,32,31,36,45,36,32,31,38,47,35,35,38,34,50,42,38,36,32,32,33,0,0,31,37,31,0,0,16-02-2025 21:47
2025-02-16,B,16-02-2025 04:21,36,36,35,25,24,36,38,34,24,26,35,34,36,21,23,38,36,34,24,26,41,38,35,28,30,38,37,39,27,24,36,33,32,26,24,35,31,32,24,26,37,44,38,29,28,35,47,44,34,36,40,47,45,34,33,31,38,32,0,0,30,27,36,0,0,17-02-2025 04:24
2025-02-17,A,17-02-2025 05:24,25,27,30,21,22,34,37,38,23,24,33,38,40,24,25,39,34,29,25,24,38,35,30,26,27,36,36,34,24,23,34,36,34,24,23,34,33,34,25,26,36,42,37,30,29,38,46,40,33,34,41,46,40,35,36,30,39,34,0,0,32,30,34,0,0,18-02-2025 05:26
2025-02-18,A,18-02-2025 05:30,30,34,35,21,21,31,40,41,24,25,30,36,39,25,24,34,36,38,28,25,42,40,36,30,30,35,36,36,24,23,34,31,32,26,25,36,33,34,25,24,39,41,37,28,30,42,45,41,33,38,44,45,44,35,39,30,32,29,0,0,29,31,35,0,0,18-02-2025 05:32
2025-02-19,A,19-02-2025 04:18,31,32,30,19,18,31,39,41,23,23,30,35,40,25,26,33,34,30,27,24,40,38,35,29,30,37,36,37,25,24,35,33,32,26,25,35,32,33,25,24,39,41,38,32,34,41,45,41,34,36,43,45,46,36,39,30,33,32,0,0,29,31,36,0,0,19-02-2025 04:20
2025-02-20,A,20-02-2025 05:13,32,33,34,20,20,31,38,39,24,23,30,36,37,24,24,34,35,31,26,23,39,40,36,26,27,35,36,37,23,22,34,33,31,26,26,35,32,30,24,23,37,40,38,28,29,42,44,38,33,39,44,45,41,36,39,30,33,30,0,0,29,32,36,0,0,20-02-2025 05:16
2025-02-20,B,20-02-2025 12:29,35,39,37,23,23,35,42,42,23,24,34,42,36,24,26,35,35,28,25,24,42,34,41,28,28,40,35,35,25,26,36,32,32,26,25,37,32,25,26,25,36,44,35,29,30,36,40,36,32,25,35,49,43,38,40,31,31,31,30,32,32,33,32,33,31,20-02-2025 15:33
2025-02-21,A,21-02-2025 05:12,33,32,34,21,22,31,36,38,25,24,33,37,40,22,23,34,35,30,23,24,39,36,34,24,25,34,35,35,22,24,34,33,30,25,24,36,32,35,24,23,37,38,34,32,28,40,42,36,34,36,41,44,40,34,35,31,32,36,0,0,30,30,34,0,0,21-02-2025 05:14
2025-02-22,A,22-02-2025 06:21,27,32,28,24,22,34,41,39,26,25,35,38,41,22,24,38,36,37,28,27,41,42,36,24,25,39,36,39,26,24,36,34,33,27,28,38,35,34,24,27,41,44,35,30,29,40,46,41,35,30,43,44,46,39,34,31,34,31,0,0,32,35,40,0,0,22-02-2025 06:24
2025-02-22,B,22-02-2025 12:36,35,38,32,24,25,36,42,43,26,26,36,41,42,27,26,38,37,30,27,26,42,45,35,30,29,42,39,38,26,26,40,35,35,29,28,40,37,34,28,27,33,45,36,31,31,40,50,36,34,34,35,51,43,37,39,33,34,28,29,30,38,39,34,34,28,22-02-2025 17:40
2025-02-23,B,23-02-2025 12:33,34,28,28,27,28,35,41,42,25,25,35,42,36,26,25,35,36,29,26,25,42,35,41,29,28,39,38,40,26,27,41,36,35,30,29,43,38,35,29,29,40,47,37,32,32,40,50,39,27,36,38,54,44,39,42,36,34,39,36,29,35,34,40,36,35,23-02-2025 19:37
2025-02-17,C,17-02-2025 21:00,33,28,37,28,37,35,35,34,23,23,35,41,43,26,25,36,33,31,28,26,44,42,39,31,29,39,38,40,27,26,38,38,35,29,28,39,32,33,26,26,41,43,36,30,32,42,47,40,36,35,41,46,43,38,41,35,36,38,0,0,32,37,41,0,0,24-02-2025 02:53
2025-02-20,C,20-02-2025 22:00,34,33,34,21,21,32,39,38,25,25,32,38,41,24,26,37,37,30,23,25,41,38,35,26,26,36,35,36,25,25,36,34,32,27,25,37,33,35,28,32,39,41,34,32,28,42,47,37,34,36,42,46,40,36,36,32,34,32,0,0,39,32,36,0,0,24-02-2025 02:56
2025-02-21,C,21-02-2025 22:01,35,35,24,24,23,34,42,26,26,25,34,42,26,26,25,38,37,28,28,27,43,40,29,29,30,40,38,26,26,25,36,34,28,28,28,37,36,27,27,26,41,44,31,31,30,42,47,41,35,33,42,47,43,39,41,32,36,32,0,0,33,36,40,0,0,24-02-2025 03:03
2025-02-22,C,22-02-2025 22:03,34,36,31,24,23,35,4,142,26,24,34,40,41,42,26,34,40,41,27,28,41,44,34,30,29,42,38,36,24,28,39,33,34,28,27,38,36,33,26,28,33,43,35,30,30,39,42,36,33,32,34,48,43,36,37,32,38,27,0,0,34,39,33,0,0,24-02-2025 03:13
2025-02-23,C,23-02-2025 22:19,35,34,33,23,23,34,40,39,25,24,35,37,38,28,27,38,36,30,26,25,41,36,35,29,26,40,39,39,26,25,35,34,33,27,26,39,36,35,29,28,42,43,40,35,35,42,47,41,36,33,43,47,42,38,36,32,35,31,0,0,29,30,36,0,0,24-02-2025 03:20
2025-02-24,B,24-02-2025 12:37,37,31,30,29,30,39,42,39,28,27,37,44,44,29,36,34,43,43,30,28,39,38,31,29,28,47,45,39,36,31,40,40,41,27,27,41,36,33,29,28,43,45,37,37,34,43,48,44,39,27,44,48,45,40,43,35,38,35,0,0,36,39,40,0,0,24-02-2025 17:15
2025-02-24,C,24-02-2025 23:12,33,34,37,30,28,32,36,38,25,24,33,38,40,27,25,35,33,34,24,25,38,40,36,30,30,38,34,39,26,27,38,36,36,29,28,40,44,35,28,27,43,43,34,33,34,45,47,45,38,36,43,46,44,39,40,35,36,34,0,0,30,33,38,0,0,24-02-2025 23:15
0025-02-25,B,25-02-2025 11:32,38,40,38,28,28,43,42,30,28,30,34,42,43,30,29,42,39,32,28,28,44,45,39,32,31,44,42,41,28,27,41,37,35,31,29,41,36,36,29,29,42,45,38,33,33,43,50,44,33,33,44,50,46,40,38,35,38,34,0,0,37,40,41,0,0,25-02-2025 16:38
2025-02-26,A,26-02-2025 05:41,35,36,32,24,24,31,39,41,25,25,33,38,41,25,26,37,35,30,24,24,38,38,33,28,28,34,35,36,23,23,34,32,32,25,25,34,33,32,25,25,35,43,37,29,28,34,47,39,31,31,34,48,41,35,34,29,40,32,0,0,30,30,35,0,0,26-02-2025 05:43
2025-02-25,A,25-02-2025 05:47,34,37,35,25,25,33,40,41,28,26,32,40,42,27,26,37,35,30,27,27,40,40,36,30,29,38,37,38,25,25,35,34,35,27,25,35,33,32,26,26,39,43,35,30,30,36,46,41,29,30,35,47,40,34,33,27,38,30,0,0,28,28,34,0,0,26-02-2025 05:49
2025-02-24,A,24-02-2025 05:49,30,34,32,18,20,29,40,39,22,22,29,40,35,23,25,32,34,28,25,23,40,33,41,21,27,34,32,34,25,21,34,30,30,24,24,33,30,31,30,23,32,43,31,30,26,28,43,34,35,30,28,50,40,36,36,29,31,30,0,0,28,27,30,0,0,26-02-2025 05:51
2025-02-26,B,26-02-2025 12:02,36,37,36,28,28,36,37,41,29,27,33,42,41,30,29,42,39,31,28,27,44,43,39,30,29,41,40,40,27,26,40,37,36,29,28,41,36,34,28,29,45,45,36,32,32,44,49,38,33,39,44,50,45,39,41,37,41,35,0,0,35,36,39,0,0,26-02-2025 15:05
2025-02-26,C,26-02-2025 21:58,39,36,37,30,27,37,41,43,29,29,36,41,42,30,30,42,41,37,28,27,43,44,40,30,31,41,42,40,29,26,42,40,36,30,28,40,37,38,30,27,42,46,41,31,33,44,48,47,39,40,46,50,48,42,41,38,40,38,0,0,37,39,41,0,0,26-02-2025 22:01
2025-02-27,C,27-02-2025 22:46,34,33,34,23,22,34,37,40,26,24,36,40,41,28,26,37,37,36,29,26,38,36,34,29,27,37,38,37,23,23,36,33,33,26,24,35,31,32,24,26,39,42,38,29,28,41,44,41,30,32,44,45,46,40,41,31,38,32,0,0,32,38,36,0,0,27-02-2025 22:48
2025-02-28,C,28-02-2025 23:34,35,32,34,24,24,34,37,36,29,28,36,35,34,28,29,35,36,31,26,27,39,41,38,27,29,38,37,36,25,24,35,33,34,24,26,36,32,35,26,24,38,41,38,27,28,41,44,42,30,33,43,46,45,34,35,33,39,32,0,0,31,29,36,0,0,28-02-2025 23:36
2025-03-01,C,01-03-2025 22:44,34,34,32,23,24,33,39,38,25,27,31,35,37,26,25,38,36,30,24,25,38,36,37,29,28,35,34,35,25,25,34,33,36,25,26,35,34,33,24,25,39,43,38,28,29,43,46,42,30,34,45,47,45,32,34,30,39,33,0,0,31,32,38,0,0,01-03-2025 22:47
2025-03-02,A,02-03-2025 05:15,31,34,32,23,23,30,38,39,24,24,31,37,39,25,24,37,35,30,26,24,40,42,35,26,24,37,37,38,23,25,34,30,30,26,28,37,33,32,26,30,35,43,37,29,24,35,47,41,34,34,35,47,42,35,35,30,38,31,0,0,29,30,34,0,0,02-03-2025 05:18
2025-03-01,A,01-03-2025 05:23,32,30,28,24,24,31,39,38,25,25,31,38,38,24,24,35,34,30,26,26,35,37,33,25,25,34,33,35,25,25,34,33,35,23,24,34,33,35,28,29,34,44,38,28,29,35,47,40,30,29,30,47,41,33,34,31,41,33,0,0,31,30,35,0,0,02-03-2025 05:25
2025-02-28,A,28-02-2025 05:25,30,35,31,23,23,32,41,41,25,24,32,41,40,25,24,38,35,30,27,26,46,35,43,27,29,38,34,36,26,25,37,32,33,28,27,36,33,34,26,26,34,45,35,31,30,37,48,34,33,33,31,50,41,36,40,32,32,38,0,0,32,38,32,0,0,02-03-2025 05:30
2025-02-27,A,27-02-2025 05:34,31,34,33,25,25,32,38,40,26,25,31,39,41,25,25,38,35,30,26,26,38,38,34,29,28,37,36,37,25,25,34,33,34,26,26,33,30,32,25,26,35,43,38,30,29,35,48,42,31,30,34,48,43,34,35,28,38,31,0,0,28,28,34,0,0,02-03-2025 05:36
2025-03-02,C,02-03-2025 22:52,35,31,34,24,23,34,36,38,25,26,33,38,41,27,28,38,36,41,26,27,33,37,36,26,30,36,37,39,22,23,35,30,32,26,24,37,34,32,25,26,39,42,38,27,28,42,46,41,32,38,44,47,45,34,39,31,39,34,0,0,30,32,37,0,0,02-03-2025 22:54
2025-03-05,A,05-03-2025 03:20,28,30,31,18,17,29,37,38,24,23,28,35,36,25,24,36,37,31,26,24,39,41,39,29,28,37,38,38,23,23,35,33,32,26,25,36,34,33,26,25,38,41,34,30,28,42,46,36,33,35,39,44,38,35,39,30,34,31,0,0,25,30,35,0,0,05-03-2025 06:25
2025-03-06,A,06-03-2025 02:37,32,32,31,19,19,29,38,39,22,22,28,32,36,22,22,33,31,29,26,25,35,36,34,25,26,36,35,34,25,26,32,31,31,24,24,32,30,30,23,23,36,40,30,27,28,38,40,36,32,33,37,42,37,33,40,26,30,29,0,0,24,28,34,0,0,06-03-2025 08:41
2025-03-03,A,03-03-2025 08:42,28,31,32,19,18,29,39,40,23,23,28,34,38,25,24,38,34,30,29,23,38,40,36,29,27,36,37,38,23,23,33,32,32,25,24,35,33,32,24,22,38,41,33,29,29,41,44,39,33,40,39,42,38,34,38,27,35,31,0,0,25,30,36,0,0,09-03-2025 20:44
2025-03-04,C,04-03-2025 20:49,35,34,33,25,25,33,40,42,26,26,34,39,41,26,26,37,35,30,26,26,40,35,32,28,29,37,36,37,25,26,36,34,34,28,26,34,36,34,27,26,36,46,40,29,30,37,48,41,31,32,36,49,42,34,35,30,40,32,0,0,29,29,34,0,0,09-03-2025 20:50
2025-03-05,C,05-03-2025 20:50,33,34,31,25,24,31,38,41,25,25,32,39,41,24,24,36,34,30,24,24,39,36,34,27,28,36,36,37,24,24,34,33,33,26,25,33,34,35,25,25,35,44,37,25,30,36,48,41,29,31,35,49,42,35,34,30,41,32,0,0,28,28,32,0,0,09-03-2025 20:52
2025-03-06,C,06-03-2025 20:57,27,35,23,24,34,33,38,25,26,33,36,38,26,28,28,39,38,36,24,25,38,35,37,26,24,37,38,34,22,26,32,33,32,26,25,33,27,29,24,26,29,38,36,26,29,38,42,37,28,26,33,43,41,34,36,34,36,38,0,0,29,33,34,0,0,09-03-2025 20:59
2025-03-07,C,07-03-2025 20:59,35,33,37,23,26,33,43,43,25,26,34,44,36,26,28,40,35,32,28,27,43,39,42,30,30,40,36,39,26,27,38,34,35,29,28,39,37,35,28,27,37,45,36,32,31,38,48,38,34,33,34,50,43,38,40,34,35,38,0,0,34,35,38,0,0,09-03-2025 21:02
2025-03-08,C,08-03-2025 21:06,37,41,39,24,26,36,46,46,25,28,35,45,38,26,29,40,35,33,29,27,42,40,44,29,29,41,38,40,27,27,40,36,37,31,30,41,38,36,30,28,38,47,36,32,32,39,50,38,35,34,35,53,45,38,42,35,35,40,0,0,35,30,34,0,0,09-03-2025 21:08
2025-03-10,C,10-03-2025 19:08,38,39,37,26,25,36,45,44,28,27,37,38,44,30,29,40,41,35,31,28,48,48,42,34,31,42,41,42,28,28,41,36,37,30,29,41,44,37,33,35,41,44,37,33,35,45,47,44,38,37,45,48,45,40,43,36,39,37,0,0,34,36,39,0,0,10-03-2025 22:48
2025-03-11,C,11-03-2025 20:22,42,40,42,29,29,40,47,48,31,29,40,39,45,30,30,45,42,36,31,30,52,51,42,34,31,46,42,44,32,31,45,40,41,34,33,45,36,38,33,31,44,46,39,36,36,45,49,45,39,48,46,50,46,39,42,38,41,36,0,0,37,39,43,0,0,11-03-2025 20:26
2025-03-13,C,13-03-2025 20:26,38,38,39,30,29,33,38,45,31,30,38,38,44,30,30,42,41,36,32,30,42,42,41,35,32,45,44,45,31,30,47,40,40,33,33,42,37,38,31,31,45,46,39,35,36,46,50,44,39,37,45,51,46,39,41,38,37,36,0,0,37,38,42,0,0,13-03-2025 20:30
2025-03-14,C,14-03-2025 19:34,38,38,39,30,27,38,48,48,31,29,38,38,46,30,31,42,41,36,31,30,41,41,42,34,29,45,42,43,31,30,47,41,41,35,34,45,36,39,33,31,45,47,46,36,35,44,49,44,38,36,44,48,44,39,42,38,37,34,0,0,37,40,32,0,0,14-03-2025 22:39
2025-03-16,C,16-03-2025 20:15,40,36,45,31,32,44,47,47,30,31,43,46,42,31,32,47,42,36,31,30,45,38,42,31,35,36,42,43,31,31,44,40,40,34,33,43,42,39,33,31,45,51,46,38,34,47,51,45,36,38,45,52,50,42,44,39,37,43,0,0,40,41,40,0,0,16-03-2025 21:04
2025-03-16,B,16-03-2025 13:31,42,42,38,32,32,42,48,38,30,31,42,46,41,32,32,46,41,36,32,31,42,38,41,33,34,36,40,43,33,32,45,39,38,34,34,44,42,40,33,32,42,51,41,38,36,47,55,41,39,37,41,58,50,42,43,40,37,42,0,0,38,33,32,0,0,17-03-2025 01:34
2025-03-14,B,14-03-2025 13:39,41,35,44,31,32,43,46,49,30,31,42,45,41,31,32,46,41,36,31,30,43,37,42,31,33,36,42,43,31,31,44,40,40,34,33,43,42,39,38,34,43,51,44,38,34,45,54,44,40,36,43,56,50,42,44,38,37,43,0,0,40,41,40,0,0,17-03-2025 01:41
2025-03-13,B,13-03-2025 13:41,42,41,38,29,29,41,42,43,30,30,41,42,43,29,29,41,40,35,30,30,48,43,38,31,27,43,45,46,29,29,43,45,46,32,30,43,41,40,30,29,43,50,46,33,34,44,54,48,33,34,44,55,49,38,39,39,41,37,0,0,44,55,37,0,0,17-03-2025 01:44
2025-03-12,B,12-03-2025 13:49,42,44,39,30,28,42,48,45,29,28,42,45,46,31,30,45,41,38,30,30,48,46,36,30,29,46,42,43,30,30,43,41,39,30,30,43,43,39,32,30,44,55,45,41,40,43,55,48,44,44,43,55,48,41,40,41,48,40,0,0,39,38,40,0,0,17-03-2025 01:51
2025-03-11,B,11-03-2025 13:51,41,43,39,28,27,39,44,46,31,28,39,43,46,31,29,43,42,36,31,31,51,51,40,28,30,44,41,42,33,29,43,40,40,31,30,43,41,38,35,30,43,50,44,34,35,44,52,45,35,36,43,54,47,38,38,38,46,36,0,0,38,37,42,0,0,17-03-2025 01:53
2025-03-10,B,10-03-2025 13:57,40,38,42,28,30,41,48,48,28,30,40,46,39,29,31,40,40,35,31,30,49,40,48,31,33,38,45,45,31,31,45,41,40,34,33,44,39,37,30,31,40,50,40,34,35,40,51,41,35,37,38,54,46,40,43,40,37,40,0,0,40,42,39,0,0,17-03-2025 01:59
2025-03-17,A,17-03-2025 11:05,41,33,33,33,33,40,49,48,31,30,41,43,45,32,29,45,41,34,31,31,40,40,37,34,32,47,43,44,32,31,44,41,40,33,32,43,38,38,31,32,44,46,41,36,37,45,53,46,38,36,43,55,47,40,44,41,48,40,0,0,39,38,40,0,0,17-03-2025 14:49
2025-03-19,B,19-03-2025 11:00,32,36,34,22,23,32,41,41,25,25,31,41,31,25,26,38,35,30,26,26,34,32,33,28,24,36,36,38,26,26,26,36,33,34,29,28,37,34,31,26,35,45,35,31,30,37,48,36,34,33,32,50,41,35,39,32,33,33,0,0,30,31,31,0,0,19-03-2025 15:04
2025-03-20,B,21-03-2025 11:12,43,42,42,31,30,41,46,45,30,29,41,44,44,30,29,41,43,43,30,28,40,41,40,34,31,44,43,42,31,30,44,41,49,33,32,43,37,36,31,30,44,47,36,34,36,46,49,45,38,37,47,52,46,41,45,49,44,38,0,0,40,40,43,0,0,21-03-2025 07:15
2025-03-21,A,21-03-2025 06:21,35,35,30,36,24,25,33,42,42,25,26,32,42,37,26,27,38,35,30,26,27,36,35,30,28,40,39,39,27,26,38,34,34,30,28,38,34,34,28,26,37,45,37,31,31,37,47,37,34,35,35,52,43,38,41,30,33,34,0,0,31,37,30,0,0,21-03-2025 07:25
2025-03-17,A,17-03-2025 03:40,31,30,33,24,25,34,41,43,24,26,34,40,30,24,30,37,35,31,28,27,32,32,32,31,28,37,31,38,26,26,37,32,33,29,28,38,36,35,28,26,36,46,35,32,31,38,45,39,39,33,32,51,45,36,32,31,33,33,0,0,31,36,31,0,0,22-03-2025 03:45
2025-03-18,A,18-03-2025 03:52,35,36,32,24,22,30,40,41,25,24,31,39,41,25,24,35,34,30,27,26,33,27,28,34,29,35,35,31,31,29,35,34,31,31,28,35,35,33,26,25,34,46,39,31,30,35,48,41,31,31,35,48,41,31,31,34,38,30,0,0,29,34,37,0,0,22-03-2025 03:55
2025-03-22,A,22-03-2025 05:05,33,35,38,23,25,35,43,43,26,28,35,43,43,26,28,38,35,31,27,28,38,35,31,27,27,39,36,39,26,26,38,33,35,26,26,37,33,33,27,26,36,35,35,31,32,38,44,38,34,34,39,50,41,38,40,31,33,36,0,0,30,37,30,0,0,23-03-2025 05:07
2025-03-19,A,19-03-2025 05:07,31,36,34,22,23,32,41,41,25,25,31,41,31,25,26,38,35,30,26,26,34,32,33,28,24,36,36,38,26,25,36,33,34,29,28,37,34,32,26,25,35,45,35,31,30,37,48,36,34,33,32,50,41,35,39,32,50,33,0,0,30,31,31,0,0,23-03-2025 05:09
2025-03-23,A,23-03-2025 05:17,32,37,35,22,24,32,42,41,25,26,30,41,36,25,27,36,34,30,26,28,35,30,30,27,26,36,39,39,25,25,36,39,39,252,5,36,34,32,26,24,34,44,35,30,31,36,45,35,33,32,35,48,40,35,38,27,32,34,0,0,31,38,31,0,0,23-03-2025 05:18
2025-03-26,A,23-03-2025 02:18,34,35,33,24,23,33,43,41,27,26,37,32,40,28,27,39,33,30,28,27,33,30,36,31,30,41,38,38,26,26,38,34,34,31,30,39,33,26,27,28,42,44,35,33,34,43,47,40,37,36,42,46,42,38,41,33,32,34,0,0,32,34,36,0,0,26-03-2025 06:19
2025-03-27,A,27-03-2025 02:02,33,32,32,23,21,32,42,40,46,45,33,33,39,37,26,38,36,30,28,26,36,30,32,30,29,40,37,37,26,25,37,33,33,30,29,39,33,35,27,27,41,43,45,33,33,43,47,40,37,36,42,47,42,39,41,32,31,34,0,0,32,35,36,0,0,27-03-2025 02:06
2025-03-28,A,28-03-2025 02:49,35,34,34,28,28,37,45,45,30,30,36,35,43,31,29,40,39,35,30,30,39,35,36,34,32,43,39,41,30,29,40,36,38,33,32,41,37,37,30,30,41,46,39,36,35,44,49,43,39,39,44,47,43,41,43,33,34,33,0,0,31,33,36,0,0,28-03-2025 02:54
2025-03-30,A,30-03-2025 01:40,34,33,34,28,27,37,42,44,29,29,36,35,42,30,28,39,38,34,29,29,39,34,35,35,32,43,38,41,30,29,39,36,37,32,32,40,37,36,29,28,42,45,38,35,34,44,48,42,38,39,44,48,43,41,42,33,32,34,0,0,31,34,36,0,0,30-03-2025 02:01
2025-10-25,C,28-10-2025 15:45,1,1,1,1,1,0,0,0,0,0,0,0,0,0,0,0,0,0,0,0,0,0,0,0,0,0,0,0,0,0,0,0,0,0,0,0,0,0,0,0,0,0,0,0,0,0,0,0,0,0,0,0,0,0,0,0,0,0,0,0,0,0,0,0,0,28-10-2025 15:46
2025-10-25,C,25-10-2025 20:54,34,40,38,28,28,41,0,42,39,28,40,40,39,27,28,44,39,29,28,28,37,30,33,28,30,49,39,36,28,28,47,38,34,30,28,43,33,34,27,28,42,49,42,31,35,42,52,41,31,36,48,55,45,40,40,35,28,39,0,0,30,36,31,0,0,28-10-2025 15:59
2025-10-26,A,26-10-2025 04:16,32,36,36,26,25,39,38,42,29,29,40,39,40,27,28,39,38,30,28,27,37,34,32,30,28,44,39,37,26,26,38,35,33,30,27,41,34,34,27,27,42,44,34,34,37,45,47,38,38,40,43,42,37,41,41,33,37,29,0,0,30,31,36,0,0,28-10-2025 18:20
2025-10-27,C,28-10-2025 18:20,28,32,31,29,30,36,42,40,27,28,37,40,42,29,28,27,32,31,30,31,30,33,32,29,30,37,32,33,31,30,34,33,30,28,29,35,42,41,31,32,41,41,42,36,35,34,39,38,35,32,36,37,46,37,33,37,36,35,0,0,39,32,30,0,0,28-10-2025 18:27
2025-10-29,A,29-10-2025 08:03,29,35,32,24,23,34,33,34,23,24,33,34,35,24,25,37,34,36,26,25,37,32,36,24,26,40,37,36,24,25,34,30,31,26,24,34,28,32,23,24,33,36,38,26,29,39,44,40,32,30,41,41,38,34,32,30,34,30,0,0,32,28,27,0,0,29-10-2025 08:07
2025-10-29,A,29-10-2025 08:03,29,35,32,24,23,34,33,34,23,24,33,34,35,24,25,37,34,36,26,25,37,32,36,24,26,40,37,36,24,25,34,30,31,26,24,34,28,32,23,24,33,36,38,26,29,39,44,40,32,30,41,41,38,34,32,30,34,30,0,0,32,28,27,0,0,29-10-2025 08:07
2025-10-26,A,26-10-2025 21:29,42,43,41,28,29,42,41,40,27,30,44,40,31,30,29,41,43,36,28,30,50,41,40,29,28,48,38,35,31,29,44,35,35,30,29,42,52,44,33,28,42,48,40,36,35,48,45,40,41,39,34,30,40,41,44,32,37,36,0,0,33,35,36,0,0,29-10-2025 14:31
2025-10-27,B,27-10-2025 14:42,35,40,42,29,30,44,45,41,28,31,43,42,41,28,29,45,40,32,28,29,42,37,34,28,31,50,43,42,28,28,48,39,36,28,29,44,35,36,28,29,44,53,46,29,35,42,48,42,35,37,46,47,41,40,45,35,31,40,0,0,34,37,34,0,0,29-10-2025 14:44
2025-10-28,B,28-10-2025 14:44,30,34,38,27,35,37,42,40,27,31,33,41,38,26,29,41,38,30,26,28,38,32,35,27,27,46,42,41,27,26,45,36,33,29,30,38,32,32,27,31,35,42,35,31,31,36,45,40,32,30,32,45,36,31,32,29,37,36,0,0,31,29,31,0,0,29-10-2025 14:46
2025-10-29,B,29-10-2025 15:20,38,42,44,43,33,38,42,45,29,30,43,43,43,30,29,45,42,33,28,31,45,39,36,33,32,53,46,41,47,30,51,41,39,34,32,48,38,38,31,30,45,48,46,37,35,45,48,52,48,50,45,47,43,41,42,41,46,35,0,0,38,37,40,0,0,29-10-2025 15:23
2025-10-29,C,29-09-2025 22:56,36,39,39,28,28,41,41,44,28,28,42,42,42,30,30,42,41,34,29,30,45,40,39,34,30,51,45,46,30,30,48,42,39,34,30,45,38,39,32,31,41,46,39,36,35,48,52,46,40,41,49,47,43,42,47,39,44,34,0,0,35,36,42,0,0,29-10-2025 23:05
2025-10-30,A,30-10-2025 03:50,33,34,32,24,23,41,39,41,28,27,40,38,37,30,29,40,41,38,29,30,42,39,37,29,30,44,43,42,30,28,44,41,37,30,29,39,40,41,24,30,37,42,40,30,32,45,44,40,39,38,46,44,43,38,36,36,42,34,0,0,34,33,32,0,0,30-10-2025 03:53
2025-10-31,A,31-10-2025 08:06,27,31,24,23,24,33,37,38,24,25,34,35,36,26,24,36,34,34,27,23,36,33,34,26,24,39,35,38,24,26,32,32,29,27,24,33,34,32,24,26,37,43,40,32,33,42,43,42,28,30,44,42,41,34,32,33,39,32,0,0,29,31,32,0,0,31-10-2025 08:09
2025-10-30,B,30-10-2025 14:57,33,34,38,28,29,41,35,42,29,30,41,38,41,27,28,40,40,33,30,31,41,39,35,31,32,43,39,42,32,33,41,42,38,28,29,41,38,37,29,30,37,40,36,32,31,39,45,42,45,41,42,42,41,41,29,43,43,33,0,0,36,37,41,0,0,31-10-2025 15:00
2025-10-31,B,31-10-2025 15:05,35,37,38,27,27,41,42,38,26,26,40,41,40,27,27,44,40,33,28,28,42,36,38,30,32,52,43,39,28,27,47,37,35,31,28,43,38,36,29,27,39,46,40,36,34,39,47,43,37,37,41,43,42,41,41,35,34,44,0,0,35,40,32,0,0,31-10-2025 15:06
2025-10-30,C,31-10-2025 20:17,33,36,38,30,30,40,35,36,31,34,40,39,40,30,32,41,41,39,32,33,42,39,40,34,32,44,40,42,35,36,43,41,40,30,30,42,38,37,31,33,42,40,39,36,39,40,41,40,45,42,41,39,41,42,40,42,42,40,0,0,39,38,39,0,0,31-10-2025 20:39
2025-10-31,C,31-10-2025 20:49,34,38,39,28,28,38,38,43,28,28,38,40,44,30,29,42,40,33,29,29,40,39,38,32,32,52,44,41,29,29,47,49,38,32,30,43,37,39,30,29,42,45,41,35,36,46,52,43,43,41,47,47,42,43,50,38,41,36,0,0,36,37,41,0,0,31-10-2025 20:52
2025-11-01,A,01-11-2025 04:19,30,37,39,27,25,36,44,41,27,26,36,42,40,27,27,39,36,39,27,26,38,38,40,27,31,32,38,36,32,30,34,36,41,30,28,38,40,37,30,31,37,39,41,32,30,37,43,44,36,34,41,46,43,40,46,40,42,40,0,0,38,40,41,0,0,01-11-2025 04:22
2025-11-01,B,01-11-2025 15:12,38,40,43,30,30,40,44,42,28,29,42,41,42,30,30,45,38,45,30,30,44,44,40,33,34,54,40,46,31,30,50,40,39,33,31,45,42,40,31,30,41,45,44,38,34,45,55,47,41,40,42,55,44,45,51,41,40,48,0,0,38,40,36,0,0,01-11-2025 15:14
2025-11-02,A,02-11-2025 03:33,34,38,35,24,25,36,37,34,27,24,33,38,40,28,26,40,36,38,30,27,41,38,39,30,29,38,40,41,27,28,35,34,36,24,26,36,38,36,24,27,41,42,43,26,25,43,49,40,38,36,42,50,44,40,39,34,44,34,0,0,33,34,32,0,0,02-11-2025 03:37
2025-11-02,B,02-11-2025 16:09,38,43,44,30,30,41,46,41,28,28,44,44,43,29,30,44,44,35,29,29,44,37,41,30,34,56,47,42,30,30,50,42,42,30,30,44,40,39,32,30,41,51,42,38,36,44,54,44,40,37,39,52,45,43,45,40,47,42,0,0,37,41,40,0,0,02-11-2025 16:11
2025-11-01,C,02-11-2025 20:37,34,38,39,28,27,39,40,44,29,29,41,43,43,31,30,39,41,35,30,28,37,39,39,37,32,52,44,43,31,30,47,41,39,33,31,42,37,36,32,30,44,46,35,36,35,45,46,43,38,38,47,46,43,38,38,37,43,38,0,0,36,37,35,0,0,02-11-2025 20:40
2025-11-02,C,02-11-2025 22:00,35,40,40,29,27,36,35,36,29,28,39,40,44,30,29,43,42,35,30,30,43,39,39,36,32,52,48,32,30,30,48,42,41,35,32,40,38,39,32,31,44,45,46,35,31,45,52,45,40,38,45,44,40,40,42,38,42,37,0,0,35,34,41,0,0,02-11-2025 22:09
2025-11-03,A,03-11-2025 08:16,30,35,37,26,29,33,43,38,25,26,37,40,40,26,27,42,39,33,28,26,40,36,38,28,31,50,42,40,28,27,46,36,36,30,27,37,36,36,29,27,35,47,35,36,34,40,50,43,37,34,31,50,40,42,40,34,43,35,0,0,33,38,32,0,0,03-11-2025 08:17
2025-11-03,C,04-11-2025 00:17,33,40,37,28,26,36,41,40,26,28,32,41,43,28,26,39,40,34,25,27,41,39,34,29,26,30,39,36,28,27,39,39,34,28,27,41,40,29,30,29,40,43,36,32,30,43,42,38,40,38,44,47,42,39,38,35,40,37,0,0,34,38,36,0,0,04-11-2025 00:20
2025-11-04,A,04-11-2025 08:31,31,34,33,25,24,32,40,31,25,23,34,39,36,25,26,40,31,31,28,26,38,34,30,27,33,48,35,38,25,25,44,42,34,29,26,35,49,35,28,26,32,48,39,31,30,39,33,41,33,32,32,34,39,38,40,31,31,44,0,0,33,30,34,0,0,04-11-2025 08:33
2025-11-03,B,03-11-2025 12:20,36,33,40,37,26,32,41,40,27,28,42,40,39,28,29,43,41,40,26,27,42,41,40,28,29,40,41,35,29,27,40,39,41,27,26,40,42,43,28,27,40,41,44,32,31,44,45,49,40,37,45,46,50,34,38,40,40,42,0,0,37,41,42,0,0,04-11-2025 12:25
2025-11-04,B,04-11-2025 13:58,35,39,41,28,27,38,38,43,28,27,41,37,42,29,28,43,40,31,29,28,43,38,36,34,29,51,43,42,29,28,48,37,36,31,28,42,38,38,31,28,35,42,37,35,31,47,50,42,36,38,46,46,41,38,41,36,41,35,0,0,36,36,41,0,0,04-11-2025 14:03
2025-11-04,C,04-11-2025 23:02,33,40,37,27,26,36,40,42,26,28,37,39,41,27,26,41,40,39,26,27,41,37,36,31,29,40,41,40,29,30,34,37,34,31,29,34,32,34,30,29,39,46,48,30,32,38,48,40,35,34,41,40,46,39,37,36,44,36,0,0,34,35,39,0,0,04-11-2025 23:04
2025-11-05,A,05-11-2025 07:12,32,36,37,25,25,35,36,42,26,25,37,40,42,28,27,43,41,34,29,27,42,35,37,33,31,48,43,41,28,28,47,37,36,31,29,46,35,38,30,28,36,47,45,36,33,41,52,48,41,42,40,49,43,41,42,35,45,35,0,0,35,34,40,0,0,05-11-2025 07:14
2025-11-05,C,05-11-2025 22:09,32,36,34,29,28,36,42,41,27,26,37,39,43,28,30,41,40,39,26,27,41,38,37,32,30,39,42,41,27,28,42,35,37,27,28,37,37,40,27,29,38,37,40,30,32,41,50,46,34,35,42,47,44,38,39,37,42,35,0,0,34,39,40,0,0,05-11-2025 22:12
2025-11-06,A,06-11-2025 07:00,31,33,34,29,25,34,39,39,26,25,36,34,42,37,29,40,38,39,25,26,39,35,37,31,29,36,40,35,25,26,41,36,37,26,26,35,35,30,25,24,36,32,30,30,29,37,45,39,30,29,39,43,43,28,27,39,43,36,0,0,35,39,39,0,0,06-11-2025 07:02
2025-11-05,B,05-11-2025 14:35,35,42,41,29,28,39,38,45,29,28,40,44,44,30,29,45,41,31,29,29,44,41,35,36,31,53,46,43,31,31,48,38,37,33,30,44,37,38,31,31,44,48,38,38,35,45,47,48,40,38,48,50,44,43,47,39,45,37,0,0,38,38,43,0,0,06-11-2025 14:39
2025-11-06,C,06-11-2025 23:08,32,38,33,30,28,35,37,44,26,25,36,39,40,27,28,35,35,31,28,26,35,37,35,31,29,38,41,40,27,28,32,38,37,29,27,32,37,38,28,26,38,46,44,37,32,39,50,47,39,37,40,46,42,38,36,34,44,38,0,0,32,30,37,0,0,06-11-2025 23:10
2025-11-07,A,07-11-2025 06:30,30,35,34,22,23,32,30,35,22,23,31,39,34,22,24,39,37,30,27,31,36,35,35,26,24,47,39,38,25,24,44,33,32,27,24,35,34,34,27,24,34,44,37,31,33,34,44,37,31,33,34,45,41,35,35,31,33,43,0,0,28,35,35,0,0,07-11-2025 06:31
2025-11-07,B,07-11-2025 14:35,34,37,38,27,26,35,35,42,27,26,38,38,41,28,27,41,40,33,29,26,39,39,37,33,33,52,43,42,26,27,47,38,37,31,28,40,38,38,29,27,44,48,37,35,34,46,48,44,40,39,46,48,44,40,39,35,40,34,0,0,35,35,40,0,0,07-11-2025 14:38
2025-11-07,C,07-11-2025 21:19,33,34,32,28,26,32,41,42,25,24,35,40,42,27,28,41,39,36,27,26,42,38,36,40,36,42,37,36,32,30,49,42,46,26,27,40,39,40,31,28,39,38,37,28,27,43,42,38,35,34,44,46,44,39,40,45,47,44,0,0,39,39,41,0,0,07-11-2025 21:23
2025-11-08,A,08-11-2025 08:11,28,35,33,22,23,34,41,35,23,23,31,39,37,27,24,38,37,30,28,30,38,34,35,25,25,37,41,40,27,24,43,32,33,27,25,35,31,34,31,31,35,46,37,31,33,38,47,42,30,32,33,46,37,38,40,30,32,43,0,0,30,37,31,0,0,08-11-2025 08:13
2025-11-08,B,08-11-2025 14:34,35,37,40,27,27,36,42,45,27,26,39,41,40,30,27,43,41,32,28,27,42,40,37,32,28,52,44,42,26,27,48,37,36,28,29,41,39,38,27,29,45,47,38,36,35,46,48,45,39,38,46,48,43,43,44,37,44,35,0,0,35,36,41,0,0,08-11-2025 14:39
2025-11-08,C,08-11-2025 21:14,34,32,38,28,27,36,40,43,28,29,38,41,42,30,28,40,43,42,30,30,38,44,43,32,34,41,43,42,33,29,44,42,43,33,29,38,42,40,28,27,41,43,41,30,32,44,46,44,33,34,46,48,46,38,40,38,41,43,0,0,39,42,44,0,0,08-11-2025 21:16
2025-11-08,C,08-11-2025 21:14,34,32,38,28,27,36,40,43,28,29,38,41,42,30,28,40,43,42,30,30,38,44,43,32,34,41,43,42,33,29,44,42,43,33,29,38,42,40,28,27,41,43,41,30,32,44,46,44,33,34,46,48,46,38,40,38,41,43,0,0,39,42,44,0,0,08-11-2025 21:16
2025-11-08,C,08-11-2025 21:14,34,32,38,28,27,36,40,43,28,29,38,41,42,30,28,40,43,42,30,30,38,44,43,32,34,41,43,42,33,29,44,42,43,33,29,38,42,40,28,27,41,43,41,30,32,44,46,44,33,34,46,48,46,38,40,38,41,43,0,0,39,42,44,0,0,08-11-2025 21:16
2025-11-09,A,09-11-2025 08:20,28,33,32,22,22,31,40,35,20,23,30,38,35,21,24,36,35,29,27,24,36,34,33,23,30,43,38,36,23,23,43,32,32,26,24,35,35,35,27,24,33,45,37,30,35,36,48,37,34,31,33,46,38,39,38,30,31,38,0,0,29,36,32,0,0,09-11-2025 08:22
2025-11-09,B,09-11-2025 15:12,37,39,38,26,27,38,37,43,27,26,39,39,41,29,27,43,41,33,32,29,41,38,37,32,28,52,44,38,28,27,44,39,38,32,28,38,38,37,29,27,39,43,38,34,41,46,53,43,41,35,46,48,43,41,35,37,44,35,0,0,36,36,42,0,0,10-11-2025 03:16
2025-11-10,A,10-11-2025 05:48,28,33,22,23,23,30,40,29,21,24,30,40,23,22,22,36,37,37,25,25,36,37,36,24,26,34,38,36,25,24,30,36,37,25,29,30,36,30,27,25,35,40,39,29,28,37,40,37,32,31,37,47,44,32,31,32,35,31,0,0,31,35,33,0,0,10-11-2025 06:34
2025-11-09,C,10-11-2025 08:41,34,36,33,24,25,34,39,42,25,27,38,38,41,26,25,40,44,42,28,27,38,42,40,30,32,42,44,42,28,30,40,46,43,32,32,34,40,36,32,32,39,43,44,33,34,43,46,44,32,31,46,48,45,38,40,34,41,38,0,0,32,32,36,0,0,10-11-2025 08:43
2025-11-10,B,10-11-2025 13:55,35,41,37,28,30,38,40,36,27,26,39,41,39,29,26,40,38,36,26,27,38,38,36,30,28,36,40,43,30,30,41,42,47,28,27,35,37,32,28,27,39,45,42,30,29,42,50,47,31,32,46,48,44,38,36,37,41,34,0,0,34,34,37,0,0,10-11-2025 13:58
2025-11-10,C,10-11-2025 23:17,30,35,35,24,24,35,39,43,24,25,33,38,40,35,27,41,42,37,27,30,40,42,37,27,30,50,35,40,28,27,46,35,40,28,27,46,35,36,30,27,37,46,36,28,31,37,50,38,32,33,39,50,43,35,40,40,35,41,0,0,34,33,44,0,0,10-11-2025 23:19
2025-11-11,A,11-11-2025 06:31,28,31,32,23,20,29,33,40,24,23,31,33,38,25,24,37,37,31,28,24,36,33,34,26,26,44,37,37,34,24,41,30,33,26,23,33,28,33,23,25,38,44,35,30,30,42,48,40,35,32,42,48,38,36,40,42,41,38,0,0,31,33,33,0,0,11-11-2025 06:34
2025-11-11,B,11-11-2025 14:45,33,38,31,28,26,39,42,41,26,27,38,40,41,27,26,37,34,34,28,26,36,34,33,26,26,43,36,37,32,30,41,34,36,27,28,33,30,36,25,24,38,43,30,29,30,42,47,40,36,34,47,48,44,30,30,32,33,34,0,0,34,36,38,0,0,11-11-2025 14:50
2025-11-12,B,12-11-2025 15:18,35,34,37,24,26,36,43,40,24,25,37,39,40,28,30,39,34,36,29,30,40,38,36,28,29,42,34,37,30,29,36,34,32,28,27,32,41,38,34,32,36,43,41,34,30,38,39,42,34,31,39,48,44,38,36,38,44,37,0,0,33,34,36,0,0,12-11-2025 15:20
2025-11-13,A,13-11-2025 06:25,31,32,30,23,21,30,33,40,26,23,32,34,38,27,25,37,38,32,28,26,36,33,30,29,27,44,38,39,29,28,42,33,30,27,25,33,50,32,26,26,42,46,35,33,34,44,47,39,35,32,42,48,43,40,42,34,33,34,0,0,35,34,40,0,0,13-11-2025 06:33
2025-11-13,C,13-11-2025 22:25,30,37,36,23,24,36,42,38,23,24,34,41,39,24,26,42,39,36,31,25,42,38,38,31,30,44,40,41,26,26,45,36,38,29,26,39,37,35,28,30,37,47,43,30,32,40,50,49,34,36,41,50,44,41,48,33,34,45,0,0,34,41,34,0,0,13-11-2025 22:27
2025-11-14,A,14-11-2025 07:11,30,31,32,22,22,33,32,40,25,24,26,34,42,26,26,37,36,40,28,27,38,35,36,30,28,52,48,48,25,25,42,36,33,26,25,36,34,32,25,24,42,46,36,32,32,44,48,43,36,35,45,48,42,43,42,33,35,32,0,0,32,30,37,0,0,14-11-2025 08:13
2025-11-14,C,14-11-2025 22:12,32,35,33,24,26,34,43,39,26,25,35,41,39,23,26,41,39,32,29,28,42,36,37,29,30,46,41,42,26,25,43,34,35,29,26,40,37,35,27,26,36,47,43,30,29,40,50,44,30,33,37,50,40,40,42,34,35,46,0,0,34,40,39,0,0,14-11-2025 22:14
2025-11-15,A,15-11-2025 05:36,30,30,32,23,23,33,35,40,20,21,30,35,32,23,23,37,35,33,28,25,38,35,36,30,28,42,36,34,23,23,42,30,33,26,25,36,34,32,25,24,39,46,35,32,29,42,48,43,35,35,39,45,42,43,41,33,35,32,0,0,32,30,36,0,0,15-11-2025 05:42
2025-11-16,A,16-11-2025 05:35,32,33,32,19,19,34,34,40,21,20,30,37,39,22,22,37,39,32,28,22,37,35,34,28,27,44,39,38,24,23,43,33,31,26,22,35,34,34,24,24,40,46,37,35,32,41,48,41,40,35,43,47,43,42,41,33,46,33,0,0,29,30,39,0,0,16-11-2025 05:39
2025-11-18,A,18-11-2025 08:21,31,39,31,24,29,34,43,32,26,24,33,41,29,28,26,39,40,32,29,28,40,39,34,29,28,31,38,41,33,32,36,34,31,24,26,37,36,29,30,27,37,36,29,30,27,38,48,34,34,30,42,43,34,40,41,32,43,42,0,0,33,43,44,0,0,18-11-2025 08:23
2025-11-18,B,18-11-2025 12:40,335,40,40,26,26,40,43,41,24,25,36,41,42,25,27,43,36,38,28,26,43,36,38,27,30,44,40,39,29,26,43,37,36,29,26,39,38,35,28,26,41,50,46,34,30,40,53,47,37,33,42,50,42,40,39,36,35,48,0,0,33,41,39,0,0,18-11-2025 12:43
2025-11-17,B,17-11-2025 12:48,34,33,39,27,36,39,45,41,25,26,36,43,41,26,26,43,40,34,30,26,44,37,38,29,31,48,38,41,26,26,38,42,36,29,25,43,35,36,27,26,41,38,43,31,29,43,49,46,34,34,36,50,42,42,41,35,35,47,0,0,32,41,39,0,0,18-11-2025 12:50
2025-11-16,C,16-11-2025 21:50,34,37,35,24,34,37,44,38,24,25,36,42,40,24,27,41,39,33,30,26,41,39,33,26,30,43,38,37,26,26,46,35,35,28,25,38,37,36,27,27,39,49,44,31,31,38,52,46,35,36,41,50,41,41,42,36,36,42,0,0,33,42,40,0,0,18-11-2025 12:53
2025-11-19,A,19-11-2025 04:52,31,27,32,24,26,30,35,34,20,22,29,35,36,27,28,41,39,34,29,26,35,32,33,27,26,42,39,40,28,27,45,34,36,28,28,42,34,40,32,31,43,44,37,32,31,43,44,37,32,31,43,45,42,39,41,34,44,34,0,0,39,34,39,0,0,19-11-2025 04:54
2025-11-19,C,19-11-2025 21:33,33,37,37,25,24,37,40,42,25,25,35,41,43,27,27,42,41,34,30,26,43,37,38,32,28,52,43,40,28,27,46,36,34,31,28,40,36,37,30,29,44,46,36,34,33,44,49,42,40,36,43,47,43,41,42,34,46,35,0,0,33,33,41,0,0,19-11-2025 23:18
2025-11-20,A,20-11-2025 04:55,26,32,36,23,29,24,29,30,24,26,32,36,34,23,24,39,40,32,28,26,34,32,31,24,26,44,41,42,28,27,42,36,34,30,28,38,37,36,29,30,42,49,42,38,36,49,46,40,38,40,42,47,42,40,39,34,44,39,0,0,32,33,40,0,0,20-11-2025 04:59
2025-11-20,C,20-11-2025 21:48,38,42,44,27,28,41,45,41,25,26,35,43,44,26,27,44,40,30,28,26,45,38,40,29,30,50,44,41,29,28,49,40,39,32,29,42,39,36,29,30,36,50,44,33,31,42,52,48,36,34,44,52,43,42,41,30,37,50,0,0,36,43,39,0,0,20-11-2025 21:57
2025-11-21,A,21-11-2025 03:19,30,34,36,24,22,37,36,39,22,24,33,38,40,24,26,41,38,42,24,25,37,34,35,26,28,49,42,37,24,26,32,34,36,26,28,36,33,34,26,28,34,40,43,26,24,34,43,44,29,28,39,45,46,34,36,34,44,32,0,0,32,32,37,0,0,21-11-2025 03:21
2025-11-21,C,21-11-2025 22:47,36,38,37,35,25,39,40,44,27,26,38,42,43,29,27,43,40,34,30,29,43,39,37,32,27,49,44,41,28,27,48,37,36,30,37,39,37,35,28,27,44,49,35,34,36,43,51,43,38,35,44,47,43,42,44,37,45,35,0,0,35,37,44,0,0,21-11-2025 22:50
2025-11-22,A,22-11-2025 02:53,33,36,38,25,24,34,40,42,23,24,36,42,40,24,25,38,37,32,25,27,40,39,41,30,32,39,34,40,36,32,38,35,39,30,28,39,44,36,32,30,42,50,44,33,34,44,49,46,36,41,46,48,44,42,41,30,41,36,0,0,32,34,38,0,0,22-11-2025 02:54
2025-11-22,C,22-11-2025 23:23,35,37,29,25,24,38,40,43,26,25,33,40,42,26,26,43,40,43,28,27,48,44,38,28,30,47,36,35,30,26,47,36,35,30,28,40,38,35,29,29,43,47,46,34,36,44,46,43,34,4,44,46,43,41,42,35,43,35,0,0,36,37,43,0,0,22-11-2025 23:30
2025-11-23,A,23-11-2025 04:28,38,40,26,25,34,36,39,26,27,40,39,36,39,26,27,40,39,36,26,24,42,38,36,30,28,44,38,39,28,29,42,36,39,22,26,38,40,35,28,29,42,49,36,32,34,40,39,41,39,38,44,49,42,40,39,36,42,39,0,0,37,41,39,0,0,23-11-2025 04:29
2025-11-24,B,24-11-2025 10:22,37,40,42,25,26,36,44,44,24,24,39,44,44,26,25,45,40,33,26,27,42,43,38,36,27,46,43,37,24,26,45,34,35,28,29,39,38,36,26,27,44,47,37,34,34,42,50,43,42,35,43,47,43,42,43,34,46,34,0,0,32,34,40,0,0,24-11-2025 18:30
2025-11-24,A,24-11-2025 04:01,30,38,35,22,21,32,40,35,21,22,31,38,35,21,22,36,35,30,24,24,36,34,35,23,30,46,39,35,25,23,44,32,32,25,23,30,32,30,23,23,32,46,38,29,31,33,51,4332,31,38,47,38,42,41,31,32,44,40,42,0,30,38,36,0,0,25-11-2025 04:05
2025-11-23,C,23-11-2025 14:12,34,39,41,26,25,37,43,39,24,24,36,42,31,24,26,42,38,38,27,26,41,35,38,26,29,46,41,36,26,25,47,36,33,28,25,36,36,42,27,26,40,50,47,33,31,40,53,42,34,31,38,50,45,41,43,34,33,40,0,0,33,40,42,0,0,25-11-2025 04:15
2025-11-25,B,25-11-2025 15:35,35,40,39,25,24,38,43,43,25,24,38,41,43,26,25,43,41,32,28,26,43,38,36,30,26,52,44,42,27,27,46,39,37,29,27,40,38,36,29,26,44,50,38,35,35,44,51,45,39,35,45,47,44,43,46,39,46,33,0,0,35,35,43,0,0,25-11-2025 16:40
2025-11-25,C,25-11-2025 23:09,33,30,25,24,26,34,33,37,26,24,32,38,34,22,25,36,38,35,24,23,38,34,36,25,26,46,42,39,24,25,40,34,36,26,24,32,28,32,24,26,39,40,44,34,33,38,50,48,33,34,39,49,44,35,36,32,44,33,0,0,30,34,36,0,0,25-11-2025 23:12
2025-11-26,B,26-11-2025 16:05,36,40,39,26,23,40,41,38,25,26,37,39,43,28,26,45,39,37,29,25,45,40,37,34,27,47,44,42,27,26,40,40,36,29,26,41,39,36,27,25,45,51,42,36,35,44,48,44,37,34,44,41,43,40,46,36,42,33,0,0,36,36,41,0,0,26-11-2025 16:09
2025-11-26,C,26-11-2025 21:35,33,27,30,24,23,34,36,34,22,24,33,38,39,24,26,36,34,38,25,28,38,37,34,32,30,44,42,41,27,26,38,39,36,28,30,41,37,35,26,24,43,49,41,34,33,45,46,44,37,39,44,48,46,38,44,34,39,32,0,0,35,34,39,0,0,26-11-2025 21:37
2025-11-27,C,27-11-2025 20:52,30,28,29,22,24,36,38,41,23,24,32,40,42,24,25,40,38,34,25,24,39,38,41,26,25,40,43,42,24,26,32,36,34,25,24,40,38,36,26,25,42,49,48,28,30,42,51,48,30,31,44,45,44,36,40,33,46,33,0,0,32,35,38,0,0,27-11-2025 20:54
2025-11-28,B,28-11-2025 14:14,36,39,41,27,27,41,37,45,26,25,38,40,41,27,25,46,42,34,28,26,44,39,37,35,28,40,51,43,28,27,39,39,43,28,27,41,40,38,28,28,45,50,42,35,32,44,52,45,38,34,44,49,43,42,46,39,48,35,0,0,34,35,43,0,0,28-11-2025 14:19
2025-11-28,C,28-11-2025 21:56,35,38,36,25,25,38,40,43,24,24,35,41,43,27,25,45,42,35,29,26,44,38,39,31,29,52,44,42,28,27,37,36,36,29,27,39,40,38,27,29,43,50,46,33,32,44,52,48,36,35,46,48,46,43,46,36,44,38,0,0,34,34,41,0,0,28-11-2025 21:59
2025-11-29,B,29-11-2025 13:04,35,39,36,25,25,39,41,44,24,24,36,40,41,27,25,45,40,34,28,26,46,39,36,32,28,46,42,28,27,39,39,37,30,27,25,41,39,36,29,28,44,50,44,39,34,45,50,43,39,36,46,48,44,43,46,37,43,34,0,0,34,34,40,0,0,29-11-2025 13:07
2025-11-19,B,19-11-2025 13:25,36,40,32,25,27,37,433,44,26,23,34,40,43,28,28,42,37,32,28,27,42,36,36,29,27,47,42,41,28,27,50,35,37,30,28,41,38,35,28,28,40,48,44,34,34,43,50,46,35,36,40,48,45,41,40,38,47,34,0,0,36,33,41,0,0,30-11-2025 01:28
2025-11-20,B,20-11-2025 13:33,37,41,43,27,27,40,44,41,24,25,35,43,42,26,27,44,40,30,28,26,44,36,39,29,30,50,44,41,29,28,49,39,36,29,29,42,39,36,29,29,36,50,44,33,31,41,53,47,35,33,44,52,43,42,41,28,36,49,0,0,35,42,40,0,0,30-11-2025 01:35
2025-11-21,B,21-11-2025 13:35,35,40,42,26,26,38,43,40,24,25,38,43,42,25,26,44,40,33,28,27,44,37,39,29,31,49,42,42,272,7,48,37,36,29,28,38,37,35,28,28,38,50,40,34,31,40,53,47,34,33,41,49,42,42,39,37,35,47,0,0,35,41,40,0,0,30-11-2025 01:37
2025-11-22,B,22-11-2025 13:46,31,40,40,26,26,38,43,44,25,25,34,42,40,252,6,42,39,33,28,26,43,36,39,27,26,48,44,40,27,27,40,38,36,30,28,38,37,34,28,27,42,50,42,33,33,40,53,47,36,34,36,51,41,40,40,36,35,46,0,0,33,40,40,0,0,30-11-2025 01:48
2025-11-25,A,25-11-2025 04:52,28,35,35,23,20,32,40,35,18,21,31,37,35,20,21,36,34,29,24,23,37,33,34,21,30,48,39,37,23,23,44,32,32,25,22,32,33,31,22,22,34,47,30,29,33,32,50,42,30,30,33,44,37,36,40,29,31,41,0,0,28,38,33,0,0,30-11-2025 01:54
2025-11-26,A,26-11-2025 05:01,33,30,25,24,26,34,33,37,26,24,32,38,34,22,25,36,38,35,34,23,38,34,36,25,26,46,42,39,24,25,46,42,39,24,25,32,28,32,24,26,39,40,44,34,33,39,50,48,33,34,39,49,44,35,36,32,44,33,0,0,30,34,36,0,0,30-11-2025 02:04
2025-11-29,C,30-11-2025 16:58,32,29,26,24,25,33,32,35,25,24,31,36,34,22,23,35,37,35,24,23,37,34,35,24,25,45,41,38,24,25,39,33,34,25,24,31,28,30,24,26,38,40,42,34,33,37,50,48,33,34,38,49,44,35,36,31,43,33,0,0,30,34,36,0,0,30-11-2025 17:01
2025-11-30,C,30-11-2025 20:58,34,36,30,26,24,36,40,41,23,22,34,38,40,24,24,38,39,32,27,24,41,36,34,26,27,35,44,40,25,24,34,37,34,26,25,38,37,39,27,24,43,48,41,36,32,42,49,46,39,36,46,48,44,40,42,34,44,38,0,0,33,33,36,0,0,30-11-2025 21:00
2025-12-01,B,01-12-2025 13:42,29,34,35,23,24,35,39,42,22,24,34,38,36,24,23,35,37,30,23,23,36,34,36,29,25,50,41,40,25,26,32,36,34,28,26,37,34,36,28,26,36,30,35,30,29,38,46,44,36,38,40,51,50,36,39,32,44,31,0,0,31,35,36,0,0,01-12-2025 13:43
2025-12-02,A,02-12-2025 06:32,28,34,34,22,20,29,38,38,19,19,35,38,37,21,20,35,36,32,21,25,35,37,35,29,23,40,39,37,21,20,29,36,39,24,23,33,37,35,21,21,35,49,38,29,29,36,48,39,30,31,37,46,38,36,39,29,43,35,0,0,29,32,37,0,0,02-12-2025 06:36
2025-12-02,B,02-12-2025 17:09,27,33,37,25,24,34,35,40,22,23,33,36,39,24,25,36,37,31,25,23,40,37,35,31,24,36,41,40,24,29,29,37,32,23,25,34,32,33,24,24,40,47,45,28,25,40,43,50,23,29,45,49,42,38,36,34,46,32,0,0,32,35,37,0,0,02-12-2025 17:11
2025-12-04,A,04-12-2025 07:04,25,32,30,19,19,30,27,31,18,18,28,35,31,18,20,32,34,26,23,21,35,31,32,21,23,33,34,35,20,19,30,27,28,22,30,31,33,30,21,21,31,46,31,26,28,30,50,43,30,33,31,38,37,35,45,29,29,42,0,0,24,34,30,0,0,04-12-2025 07:07
2025-12-04,B,04-12-2025 18:10,27,34,31,23,24,34,39,40,22,23,33,37,38,24,24,40,36,32,24,22,39,37,34,26,25,45,43,39,24,24,43,35,36,25,27,35,36,35,26,25,43,46,40,32,24,42,50,43,33,33,44,48,44,35,37,36,44,36,0,0,34,35,39,0,0,04-12-2025 18:12
2025-12-05,B,05-12-2025 14:42,31,36,32,23,24,33,38,40,22,24,31,39,38,24,25,34,36,34,25,26,36,32,33,27,26,42,41,39,23,24,34,32,31,23,24,38,47,42,31,30,37,49,46,30,29,38,50,48,37,36,38,44,48,37,36,33,45,39,0,0,34,34,38,0,0,05-12-2025 14:44
2025-12-07,A,07-12-2025 05:32,31,30,32,18,17,30,35,36,19,19,27,35,36,21,20,35,35,29,25,20,36,30,32,26,23,37,37,38,21,21,30,31,31,23,21,33,32,30,21,20,37,45,35,33,27,37,46,39,33,27,34,43,37,36,41,31,42,30,0,0,29,31,35,0,0,07-12-2025 05:35
2025-12-07,B,08-12-2025 00:42,31,35,37,22,23,34,37,39,23,24,31,30,34,22,23,36,38,34,26,22,35,32,33,26,25,40,36,34,22,24,34,30,32,23,24,32,33,31,29,26,36,34,38,24,27,39,42,46,35,40,39,48,49,36,38,29,43,36,0,0,31,46,41,0,0,08-12-2025 00:43
2025-12-08,A,08-12-2025 05:08,28,26,28,22,23,26,32,36,20,21,27,33,32,19,21,33,36,34,24,22,34,32,30,25,24,35,36,34,23,24,32,30,32,24,25,34,36,33,24,27,36,44,42,26,25,38,47,44,38,36,42,48,46,40,36,32,44,39,0,0,30,33,38,0,0,08-12-2025 05:10
2025-12-10,C,10-12-2025 23:08,32,33,30,24,21,32,36,40,20,21,28,36,38,22,23,38,37,30,28,33,38,33,33,24,22,41,42,40,25,25,33,35,34,26,23,35,33,31,25,24,39,46,38,35,32,39,47,41,34,35,36,45,40,38,46,30,44,31,0,0,31,34,37,0,0,10-12-2025 23:12
2025-12-10,A,11-12-2025 00:43,24,31,30,22,24,32,36,38,24,26,31,33,34,18,20,38,36,35,22,23,30,28,30,24,25,41,39,40,23,22,31,32,30,24,23,34,33,31,24,24,41,44,40,34,30,40,43,41,32,33,38,42,39,34,36,29,40,32,0,0,28,36,33,0,0,11-12-2025 00:44
2025-12-11,C,11-12-2025 22:27,33,37,32,24,20,32,35,40,20,21,32,36,39,24,22,40,37,30,25,22,40,35,34,26,23,50,43,37,25,24,34,34,33,25,24,38,35,33,26,24,41,45,40,34,30,40,46,36,35,34,37,44,41,39,43,32,42,32,0,0,29,30,39,0,0,11-12-2025 22:30
2025-12-11,A,12-12-2025 01:07,22,29,22,17,18,24,30,34,16,17,23,31,33,18,19,30,28,31,22,24,29,26,29,23,22,40,36,34,19,21,28,21,16,19,26,25,19,26,20,22,31,41,36,24,23,32,48,34,24,26,30,41,42,29,30,25,39,27,0,0,24,32,28,0,0,12-12-2025 01:09
2025-12-12,A,13-12-2025 02:33,32,36,31,23,21,31,34,39,21,22,32,34,39,24,23,39,36,30,25,22,32,35,30,26,23,44,29,36,24,25,34,42,33,25,24,38,33,40,26,24,41,35,34,34,30,39,44,34,35,34,37,37,39,36,41,28,40,29,0,0,25,24,31,0,0,13-12-2025 02:37
2025-12-14,C,14-12-2025 20:17,33,34,33,23,22,35,36,23,24,23,32,39,42,25,24,42,41,32,29,23,41,39,36,30,25,45,43,44,26,25,34,37,36,28,26,37,35,34,26,25,42,48,43,27,34,42,47,43,37,34,42,47,39,35,46,33,44,32,0,0,34,33,41,0,0,14-12-2025 20:27
2025-12-15,C,16-12-2025 16:21,31,37,31,23,24,31,38,41,23,24,32,37,42,24,23,38,36,37,26,23,37,34,36,30,26,44,42,41,24,25,34,36,34,26,27,36,34,32,22,23,41,40,41,32,30,41,49,44,30,32,40,33,43,35,34,34,44,34,0,0,35,43,33,0,0,16-12-2025 16:24
2025-12-16,B,16-12-2025 16:30,28,32,32,18,20,30,38,38,18,18,30,38,38,18,18,30,38,38,20,20,38,37,34,20,14,42,40,39,22,21,30,30,34,26,23,35,32,28,23,22,36,43,40,30,32,35,48,39,34,32,32,47,39,36,39,30,42,33,0,0,30,36,37,0,0,16-12-2025 16:38
2025-12-16,C,16-12-2025 21:10,22,25,27,16,18,25,32,36,17,19,24,35,31,18,17,34,24,28,19,18,33,28,30,23,24,40,38,38,22,23,32,28,32,24,21,35,26,32,22,24,34,44,39,29,30,36,46,39,34,36,34,48,36,34,38,30,40,32,0,0,29,34,33,0,0,16-12-2025 21:12
2025-12-19,B,19-12-2025 14:44,29,33,32,19,18,28,34,37,20,19,27,33,38,20,20,35,37,27,23,20,37,35,35,32,25,43,39,37,21,20,30,31,30,23,19,33,32,32,22,21,40,44,41,37,30,40,45,37,33,33,37,42,38,36,44,31,43,32,0,0,30,32,36,0,0,19-12-2025 14:47
2025-12-19,C,19-12-2025 20:50,28,32,32,19,18,28,33,36,19,20,26,32,37,20,21,34,35,27,22,20,35,34,35,31,25,42,37,34,21,20,30,31,29,22,21,33,32,31,23,21,40,42,41,37,34,41,44,36,36,33,37,42,46,33,31,32,42,34,0,0,30,33,38,0,0,19-12-2025 20:52
2025-12-20,C,21-12-2025 21:44,24,28,29,17,16,26,30,31,18,17,29,32,30,19,18,32,34,38,21,18,36,38,34,30,32,37,39,37,34,30,38,39,35,24,22,37,38,32,24,21,39,40,37,30,30,42,44,41,32,31,44,46,48,38,36,32,39,36,0,0,31,37,41,0,0,21-12-2025 21:46
2025-12-21,C,21-12-2025 21:49,30,34,33,20,21,29,35,36,21,20,27,34,37,22,23,36,37,30,24,25,37,33,34,30,24,40,41,39,23,22,32,35,33,24,30,36,34,32,24,30,30,42,37,34,30,37,45,42,36,31,36,44,38,37,40,31,46,34,0,0,32,31,34,0,0,21-12-2025 21:51
2025-12-23,A,23-12-2025 06:27,26,30,28,17,16,25,30,35,16,16,23,33,34,18,18,32,35,26,22,18,34,29,29,28,20,34,37,36,20,18,26,30,29,20,18,30,30,28,20,19,37,41,35,32,27,38,43,41,35,30,36,42,34,35,38,29,39,28,0,0,26,27,34,0,0,23-12-2025 06:47
2025-12-22,B,23-12-2025 09:22,22,29,21,17,18,23,31,35,16,17,24,32,33,18,20,27,32,25,20,17,30,29,30,26,24,36,41,38,23,22,32,34,32,24,23,35,33,31,26,24,30,42,36,34,30,36,43,41,35,31,37,45,36,37,39,32,44,30,0,0,31,29,28,0,0,23-12-2025 09:23
2025-12-23,B,23-12-2025 13:33,23,28,22,16,18,22,31,34,15,17,23,31,33,17,18,30,32,25,21,17,32,28,30,25,23,33,37,36,19,21,23,26,23,22,21,27,19,22,18,17,32,40,36,22,21,29,42,40,24,23,28,43,36,28,29,25,37,34,0,0,24,26,31,0,0,23-12-2025 13:34
2025-12-24,A,24-12-2025 07:00,28,33,29,19,19,27,33,33,18,18,26,34,36,20,19,36,37,27,23,19,37,34,34,30,23,41,40,38,22,21,31,35,34,25,22,33,32,30,22,22,38,43,37,34,30,39,44,41,37,36,36,41,38,36,39,32,42,29,0,0,30,29,35,0,0,24-12-2025 07:05
2025-12-24,B,25-12-2025 12:15,28,31,33,21,22,30,36,31,22,21,24,37,34,19,19,27,36,26,23,23,26,32,34,24,30,37,39,37,25,23,30,34,31,23,24,34,33,33,22,23,35,44,36,28,26,35,44,36,28,26,33,44,31,36,40,30,31,28,0,0,31,34,30,0,0,25-12-2025 12:17
2026-01-01,A,04-01-2026 04:41,21,26,22,16,18,17,21,21,15,20,18,17,26,18,18,29,28,29,17,16,27,25,24,26,28,31,34,36,19,20,31,23,20,14,16,25,18,22,18,15,26,34,37,22,21,28,42,37,24,26,25,37,34,26,28,24,34,25,0,0,20,25,31,0,0,04-01-2026 04:42
2026-01-02,A,04-01-2026 04:46,24,31,28,17,19,26,32,35,18,20,27,33,34,20,19,33,34,26,22,21,34,36,34,26,24,43,39,40,22,21,34,35,32,24,23,33,34,31,23,21,36,42,37,30,29,37,41,39,34,32,36,43,38,37,39,23,38,34,0,0,29,36,41,0,0,04-01-2026 04:47
2026-01-08,B,08-01-2026 16:25,24,32,30,18,19,28,33,35,17,17,28,32,34,19,18,34,35,26,20,18,36,32,31,27,23,39,41,39,20,24,31,33,26,21,19,32,33,27,21,21,36,45,37,34,28,36,47,39,35,30,35,44,40,39,42,29,41,27,0,0,28,30,35,0,0,08-01-2026 16:28
2026-01-06,C,08-01-2026 18:18,19,24,26,18,15,24,32,28,17,18,22,30,27,15,16,27,26,27,18,16,30,34,35,17,18,34,34,35,26,21,36,27,28,19,20,29,30,24,21,22,30,39,27,19,21,31,44,31,26,28,32,42,37,32,34,27,38,26,0,0,25,32,30,0,0,08-01-2026 18:23
2026-01-07,C,08-01-2026 18:26,23,32,29,19,20,28,30,34,17,19,26,33,36,20,21,34,34,28,28,19,35,32,33,21,26,40,40,38,22,22,34,32,30,23,21,35,34,33,28,27,36,42,41,34,31,38,44,36,34,36,37,42,40,37,40,25,37,26,0,0,26,28,32,0,0,08-01-2026 18:29
2026-01-09,B,09-01-2026 13:58,25,30,30,17,15,26,32,34,16,18,26,30,34,18,18,32,34,25,19,17,34,34,32,22,20,38,41,38,19,24,31,30,31,21,18,33,33,30,21,18,37,46,37,34,27,37,47,39,36,32,35,43,39,36,39,28,41,26,0,0,27,29,35,0,0,09-01-2026 14:00
2025-12-28,A,28-12-2025 05:13,30,34,32,22,20,31,39,34,21,20,30,38,35,22,22,38,36,30,25,22,35,33,34,22,28,48,40,33,23,23,33,32,32,25,23,36,35,33,23,23,34,46,38,26,29,36,47,43,32,31,36,45,36,39,42,30,32,43,0,0,28,37,35,0,0,10-01-2026 02:16
2025-11-29,A,29-11-2025 04:00,30,35,32,21,21,32,39,34,21,21,30,38,35,21,22,30,36,31,25,22,38,34,34,23,30,41,38,36,23,22,32,33,31,25,22,33,33,31,22,31,36,47,39,28,31,36,50,45,30,31,36,53,47,41,43,31,32,40,0,0,28,36,35,0,0,10-01-2026 02:23
2025-11-30,A,30-11-2025 05:23,28,40,32,23,20,32,38,37,20,21,30,36,35,20,23,36,34,30,24,22,31,37,35,23,27,39,31,35,23,23,32,33,32,25,23,34,34,34,25,23,33,48,39,29,30,39,50,45,34,32,37,51,38,39,41,30,34,44,0,0,27,39,31,0,0,10-01-2026 02:25
2025-12-01,C,01-12-2025 21:30,31,36,34,23,27,35,42,36,21,22,32,40,38,22,25,40,38,32,26,29,4,236,36,27,31,42,41,38,25,25,35,34,34,27,25,35,36,33,25,25,36,47,37,31,30,39,52,45,31,31,39,49,38,39,43,34,37,42,0,0,31,38,36,0,0,10-01-2026 02:32
2025-12-02,C,02-12-2025 21:38,32,40,39,22,26,34,40,36,21,21,30,40,38,25,24,40,3,31,27,26,42,36,37,27,26,43,41,42,27,26,36,35,35,26,25,36,36,34,30,32,37,48,38,31,33,40,49,46,30,29,4,50,44,40,46,33,34,42,0,0,30,40,38,0,0,10-01-2026 02:40
2025-12-05,C,03-12-2025 21:49,32,35,31,22,23,31,36,38,21,23,32,38,37,24,24,34,36,35,24,25,45,31,32,27,26,34,39,38,26,25,35,35,33,25,25,37,35,33,25,26,37,48,36,23,23,32,51,45,31,32,34,49,38,33,32,31,32,44,0,0,28,37,35,0,0,10-01-2026 02:51
2025-12-06,C,06-12-2025 21:52,33,40,36,23,22,33,41,36,21,22,37,40,31,22,23,40,37,31,25,23,39,34,35,25,28,41,42,37,25,24,34,33,34,26,24,36,48,40,30,30,36,48,33,25,25,37,50,40,34,33,33,49,39,38,40,32,33,44,0,0,30,37,31,0,0,10-01-2026 02:54
2025-12-07,C,07-12-2025 21:59,30,35,35,21,21,32,40,35,20,21,31,40,37,25,23,40,32,31,26,23,39,34,23,23,23,44,39,34,23,23,33,33,32,24,23,35,35,33,24,24,36,50,45,30,31,36,50,45,30,31,33,35,40,35,30,33,35,40,0,0,34,39,42,0,0,10-01-2026 03:00
2026-01-09,B,10-01-2026 03:17,23,26,28,15,14,22,32,29,13,12,21,29,28,14,14,28,32,26,17,18,31,34,29,18,21,30,39,34,18,21,26,23,24,18,20,28,30,26,20,20,31,44,32,21,25,31,47,40,27,25,27,42,34,32,35,24,35,28,0,0,21,30,24,0,0,10-01-2026 03:18
2026-01-08,B,08-01-2026 03:23,25,29,34,20,20,26,36,30,20,20,35,33,28,20,20,30,33,23,20,20,32,27,31,20,24,34,39,36,20,22,30,28,27,20,22,32,32,26,22,20,32,45,29,23,22,32,48,41,26,28,30,44,35,35,34,25,25,39,0,0,23,31,26,0,0,10-01-2026 03:25
2026-01-07,A,07-01-2026 03:29,26,32,25,20,20,25,32,33,20,20,26,31,32,20,20,31,31,23,20,20,30,28,27,24,26,40,41,37,20,20,30,27,28,20,20,33,32,29,20,20,32,44,38,26,26,32,48,40,27,28,32,40,38,33,37,28,40,28,0,0,26,34,31,0,0,10-01-2026 03:31
2026-01-04,B,04-01-2026 17:31,26,31,33,20,20,29,36,32,20,20,27,31,30,20,20,31,32,22,20,20,35,28,30,30,20,35,35,38,34,20,23,38,30,24,20,23,29,30,27,20,20,46,30,25,24,32,47,35,30,28,29,43,36,35,37,27,26,42,0,0,25,34,30,0,0,10-01-2026 03:35
2026-01-01,B,01-01-2026 17:40,32,30,32,20,20,26,37,32,20,20,27,35,32,20,20,33,34,25,20,20,38,30,34,22,23,32,36,34,20,20,30,31,29,20,20,32,29,26,20,20,29,45,31,24,26,29,44,35,32,25,29,45,37,31,45,28,27,42,0,0,26,34,28,0,0,10-01-2026 03:41
2026-01-10,B,10-01-2026 14:43,26,34,31,21,23,31,34,38,19,18,32,35,37,22,21,38,36,28,23,20,40,33,33,30,22,43,44,42,23,31,37,35,35,25,23,40,26,32,24,22,40,46,41,34,28,41,48,41,35,32,38,45,42,36,42,30,43,30,0,0,31,33,36,0,0,10-01-2026 14:46
2026-01-08,C,10-01-2026 17:14,23,32,28,17,18,27,31,32,18,19,23,30,34,19,20,33,34,25,20,19,36,37,30,26,24,34,40,39,22,25,29,31,26,21,19,31,32,26,21,19,34,42,34,31,28,36,44,36,34,33,34,42,40,39,41,27,32,26,0,0,28,29,34,0,0,10-01-2026 17:17
2026-01-09,C,10-01-2026 17:20,22,28,27,18,17,25,30,36,19,20,22,31,26,17,18,30,26,24,21,20,32,30,28,22,24,35,40,38,24,22,23,29,28,20,19,31,24,28,20,19,34,42,40,24,23,31,44,36,23,24,34,42,34,26,28,30,36,27,0,0,23,27,31,0,0,10-01-2026 17:22
2026-01-10,C,11-01-2026 21:13,29,31,32,20,23,30,39,40,18,18,32,39,38,21,21,37,36,30,20,23,37,37,34,28,22,46,44,45,24,31,31,32,33,24,21,39,25,34,22,21,37,46,35,30,27,37,49,34,31,32,33,45,39,33,36,30,42,36,0,0,30,33,36,0,0,11-01-2026 21:14
2026-01-11,C,11-01-2026 21:18,23,34,30,21,20,28,30,34,19,21,30,32,33,20,21,29,33,30,21,18,35,32,31,24,23,32,43,41,22,21,28,31,32,24,27,33,30,33,23,21,36,45,40,24,26,34,51,41,26,27,30,46,44,32,34,25,32,29,0,0,31,41,32,0,0,11-01-2026 21:20
2026-01-12,B,12-01-2026 13:37,23,26,28,18,19,26,31,36,19,20,23,30,24,18,20,31,24,26,21,20,32,29,28,22,23,34,39,36,24,22,24,30,28,17,19,31,26,30,20,21,36,42,40,24,26,32,44,36,24,23,34,42,38,26,28,36,41,36,0,0,32,32,38,0,0,12-01-2026 13:41
2026-01-14,B,14-01-2026 13:10,21,38,37,18,19,27,37,34,17,18,28,31,35,19,20,31,30,25,20,19,33,29,31,30,24,38,41,39,21,23,27,32,29,19,20,30,24,29,21,22,35,43,40,25,24,36,44,39,24,26,30,39,37,28,29,30,37,32,0,0,29,30,34,0,0,14-01-2026 13:12
2026-01-14,A,15-01-2026 05:14,24,31,30,18,18,24,29,35,17,17,25,31,34,18,17,32,33,26,20,17,39,31,30,18,19,40,43,40,21,21,29,30,29,20,17,33,32,30,19,19,36,44,38,33,26,37,48,40,35,31,33,43,37,34,41,26,40,28,0,0,25,27,33,0,0,15-01-2026 05:18
2026-01-09,A,09-01-2026 08:34,23,26,28,15,14,22,32,29,12,15,21,29,28,15,15,28,32,26,20,20,31,34,29,21,20,30,39,34,20,21,26,23,24,20,20,28,30,26,20,20,31,44,32,21,20,31,47,40,27,5,24,42,34,32,35,24,35,28,0,0,21,30,24,0,0,16-01-2026 19:37
2026-01-10,A,10-01-2026 05:42,23,27,29,20,20,21,34,28,20,20,22,32,27,20,20,30,21,24,20,20,31,24,28,20,21,29,26,27,20,20,29,26,27,20,20,30,31,28,20,20,32,46,27,28,22,32,50,38,26,26,28,44,34,32,35,23,35,28,0,0,20,30,29,0,0,16-01-2026 19:44
2026-01-12,C,12-01-2026 21:44,27,28,30,21,20,30,39,35,17,20,29,38,37,18,21,35,34,30,21,22,37,31,30,20,22,37,41,30,20,20,35,30,30,20,20,35,32,34,28,29,35,46,43,30,29,36,49,36,30,31,33,45,42,35,37,29,39,30,0,0,27,34,29,0,0,16-01-2026 19:53
2026-01-13,C,13-01-2026 21:58,30,34,34,20,21,29,39,33,30,20,30,38,33,20,21,36,33,28,20,20,38,30,32,21,27,41,43,40,22,22,33,30,33,25,21,35,30,33,20,25,34,47,34,33,25,35,50,40,30,28,32,42,33,37,42,32,39,32,0,0,25,34,31,0,0,16-01-2026 20:00
2026-01-14,C,14-01-2026 21:00,27,36,30,20,20,28,33,36,20,20,28,34,36,20,20,33,34,28,21,20,36,30,30,29,23,4,343,41,20,20,29,31,30,21,20,34,33,30,20,20,34,46,38,29,28,33,49,43,28,30,30,44,39,34,30,26,44,30,0,0,27,35,33,0,0,16-01-2026 20:02
2026-01-15,C,15-01-2026 20:04,20,27,30,20,20,25,31,34,20,20,25,31,33,20,20,31,32,24,21,20,32,28,30,28,26,38,36,37,23,22,22,28,26,20,20,25,40,24,24,23,32,41,42,25,24,25,442,41,25,30,28,42,37,28,30,23,29,27,0,0,27,39,39,0,0,16-01-2026 20:06
2026-01-16,B,19-01-2026 00:26,18,29,24,14,16,19,30,37,13,15,21,29,30,14,16,24,28,21,16,14,26,24,26,29,28,30,33,32,14,15,21,22,24,15,13,28,18,25,16,14,29,40,36,23,22,30,42,35,30,28,26,40,32,24,31,23,36,24,0,0,20,23,26,0,0,19-01-2026 00:29
2026-01-17,B,19-01-2026 00:32,28,31,31,20,19,30,38,39,20,16,30,37,38,20,17,36,35,30,19,20,39,35,32,32,22,49,45,43,23,22,39,36,36,24,22,37,35,33,23,22,38,44,38,27,27,38,48,35,31,30,38,45,35,33,40,30,41,32,0,0,30,33,34,0,0,19-01-2026 00:33
2026-01-18,B,19-01-2026 00:37,23,33,34,19,20,26,35,36,17,18,27,33,35,19,20,30,31,32,20,18,33,35,30,28,30,41,42,40,23,22,32,30,31,24,24,37,36,32,21,22,34,46,39,24,26,38,48,42,29,30,33,42,36,34,38,30,36,30,0,0,28,34,28,0,0,19-01-2026 00:39
2026-01-19,B,19-01-2026 16:10,30,36,36,22,24,33,40,38,20,21,34,38,38,21,23,40,37,30,23,21,4,33,34,24,28,4,34,543,26,25,37,36,34,26,24,38,36,34,26,23,38,50,39,30,28,39,52,46,33,29,35,48,40,38,40,34,42,32,0,0,31,36,33,0,0,19-01-2026 16:11
2026-01-19,A,20-01-2026 05:13,27,29,28,16,18,24,32,29,17,19,25,31,27,16,18,28,31,26,20,19,28,25,30,29,26,37,38,34,20,21,23,24,27,18,19,28,23,28,19,20,31,43,38,22,23,32,45,36,24,25,33,43,34,26,29,29,48,36,0,0,24,29,34,0,0,20-01-2026 05:15
2026-01-20,A,20-01-2026 05:19,24,24,31,16,18,26,31,28,17,16,25,30,26,19,22,27,31,27,22,26,28,26,30,24,29,41,42,40,22,29,25,31,29,20,23,28,24,32,22,25,33,44,39,24,24,34,47,46,25,24,30,44,47,31,30,24,34,30,0,0,26,28,33,0,0,20-01-2026 05:21
2026-01-20,B,20-01-2026 16:13,32,35,36,2,123,34,40,39,20,23,34,39,37,22,24,4,37,31,24,21,41,36,35,25,30,45,47,43,25,25,36,35,34,26,24,39,45,37,26,24,38,50,40,30,28,40,53,46,33,32,37,48,39,39,40,33,46,37,0,0,30,36,32,0,0,20-01-2026 16:15
2026-01-22,A,22-01-2026 05:44,29,32,34,18,19,30,34,36,20,21,32,36,37,22,20,36,34,30,24,22,40,34,32,28,29,46,41,39,24,26,32,34,36,21,24,39,46,42,28,26,32,46,47,29,30,37,48,46,32,36,40,48,44,34,38,28,36,29,0,0,31,29,34,0,0,22-01-2026 05:46
2026-01-21,B,21-01-2026 17:00,30,36,35,23,22,32,36,40,21,21,33,37,38,23,22,40,35,30,24,21,41,35,32,30,24,50,44,41,23,22,33,36,34,24,21,40,34,31,23,21,40,48,43,29,27,37,50,48,31,29,34,48,42,31,29,34,46,31,0,0,32,30,35,0,0,22-01-2026 09:00
2026-01-22,C,22-01-2026 22:45,29,32,33,20,22,33,36,39,21,20,31,36,40,23,23,42,36,32,25,23,41,36,36,34,25,35,52,48,42,34,35,37,35,29,27,40,36,33,25,25,39,47,40,36,31,42,49,48,38,35,34,43,39,41,42,34,43,33,0,0,32,34,37,0,0,22-01-2026 22:48
2026-01-23,A,23-01-2026 05:41,22,32,26,16,17,23,31,35,19,20,20,24,26,17,18,28,26,24,18,18,31,30,26,22,24,37,40,33,19,20,23,25,27,20,21,25,30,28,18,20,31,43,39,22,21,32,46,42,24,26,38,44,47,31,34,27,39,36,0,0,24,32,36,0,0,23-01-2026 05:42
2026-01-24,A,03-02-2026 09:41,26,32,34,19,17,32,40,36,20,18,33,37,34,17,18,40,34,38,22,21,41,36,36,21,22,43,39,41,20,21,38,35,36,19,18,37,36,38,20,21,39,39,41,22,23,44,44,46,34,36,46,46,48,38,37,34,34,38,0,0,36,35,41,0,0,03-02-2026 09:43
2026-01-30,C,03-02-2026 09:49,28,32,30,17,19,30,34,34,19,20,28,32,33,19,21,29,34,27,21,22,35,32,33,24,26,40,41,34,22,24,34,33,32,23,22,36,34,33,24,23,40,43,38,30,32,38,44,42,34,35,36,42,41,36,38,30,38,36,0,0,28,32,34,0,0,03-02-2026 09:51
2026-02-01,C,03-02-2026 09:57,30,37,30,19,20,31,38,40,21,21,31,36,38,21,22,33,33,30,22,21,34,31,32,24,26,41,42,39,23,22,32,33,35,23,24,35,34,32,22,23,38,45,42,23,24,34,42,44,24,26,33,43,41,32,34,30,42,30,0,0,32,34,36,0,0,03-02-2026 09:59
2026-02-02,B,03-02-2026 10:02,24,31,24,20,17,30,37,38,21,20,31,37,33,20,22,33,34,31,27,24,35,32,33,25,24,38,42,41,23,22,30,33,31,24,23,35,27,32,22,24,38,46,42,23,23,36,48,44,26,26,38,44,42,24,28,33,42,43,0,0,35,34,30,0,0,03-02-2026 10:04
2026-02-03,B,03-02-2026 14:31,24,32,23,18,19,28,36,39,20,21,32,36,36,22,20,32,34,27,23,22,35,31,30,32,35,40,43,41,24,22,30,33,32,25,23,34,26,33,24,26,33,45,40,24,26,36,44,45,26,24,36,44,46,32,31,32,41,35,0,0,30,36,34,0,0,03-02-2026 14:33
2026-02-04,B,04-02-2026 14:35,23,37,29,18,19,28,35,36,17,20,29,34,32,20,21,31,32,27,19,20,35,32,31,24,22,36,40,37,22,21,27,30,29,23,22,32,25,29,23,22,38,46,41,24,22,34,48,43,24,26,35,47,42,34,32,29,41,38,0,0,26,32,36,0,0,04-02-2026 14:36
,,,0,0,0,0,0,0,0,0,0,0,0,0,0,0,0,0,0,0,0,0,0,0,0,0,0,0,0,0,0,0,0,0,0,0,0,0,0,0,0,0,0,0,0,0,0,0,0,0,0,0,0,0,0,0,0,0,0,0,0,0,0,0,0,0,0,05-02-2026 14:19
,,,0,0,0,0,0,0,0,0,0,0,0,0,0,0,0,0,0,0,0,0,0,0,0,0,0,0,0,0,0,0,0,0,0,0,0,0,0,0,0,0,0,0,0,0,0,0,0,0,0,0,0,0,0,0,0,0,0,0,0,0,0,0,0,0,0,05-02-2026 14:20
,,,0,0,0,0,0,0,0,0,0,0,0,0,0,0,0,0,0,0,0,0,0,0,0,0,0,0,0,0,0,0,0,0,0,0,0,0,0,0,0,0,0,0,0,0,0,0,0,0,0,0,0,0,0,0,0,0,0,0,0,0,0,0,0,0,0,05-02-2026 14:20
,,,0,0,0,0,0,0,0,0,0,0,0,0,0,0,0,0,0,0,0,0,0,0,0,0,0,0,0,0,0,0,0,0,0,0,0,0,0,0,0,0,0,0,0,0,0,0,0,0,0,0,0,0,0,0,0,0,0,0,0,0,0,0,0,0,0,05-02-2026 14:24
,,,0,0,0,0,0,0,0,0,0,0,0,0,0,0,0,0,0,0,0,0,0,0,0,0,0,0,0,0,0,0,0,0,0,0,0,0,0,0,0,0,0,0,0,0,0,0,0,0,0,0,0,0,0,0,0,0,0,0,0,0,0,0,0,0,0,05-02-2026 14:25
,,,0,0,0,0,0,0,0,0,0,0,0,0,0,0,0,0,0,0,0,0,0,0,0,0,0,0,0,0,0,0,0,0,0,0,0,0,0,0,0,0,0,0,0,0,0,0,0,0,0,0,0,0,0,0,0,0,0,0,0,0,0,0,0,0,0,05-02-2026 14:25
,,,0,0,0,0,0,0,0,0,0,0,0,0,0,0,0,0,0,0,0,0,0,0,0,0,0,0,0,0,0,0,0,0,0,0,0,0,0,0,0,0,0,0,0,0,0,0,0,0,0,0,0,0,0,0,0,0,0,0,0,0,0,0,0,0,0,05-02-2026 14:28
,,,0,0,0,0,0,0,0,0,0,0,0,0,0,0,0,0,0,0,0,0,0,0,0,0,0,0,0,0,0,0,0,0,0,0,0,0,0,0,0,0,0,0,0,0,0,0,0,0,0,0,0,0,0,0,0,0,0,0,0,0,0,0,0,0,0,05-02-2026 14:28
,,,0,0,0,0,0,0,0,0,0,0,0,0,0,0,0,0,0,0,0,0,0,0,0,0,0,0,0,0,0,0,0,0,0,0,0,0,0,0,0,0,0,0,0,0,0,0,0,0,0,0,0,0,0,0,0,0,0,0,0,0,0,0,0,0,0,05-02-2026 14:28
,,,0,0,0,0,0,0,0,0,0,0,0,0,0,0,0,0,0,0,0,0,0,0,0,0,0,0,0,0,0,0,0,0,0,0,0,0,0,0,0,0,0,0,0,0,0,0,0,0,0,0,0,0,0,0,0,0,0,0,0,0,0,0,0,0,0,05-02-2026 14:28
,,,0,0,0,0,0,0,0,0,0,0,0,0,0,0,0,0,0,0,0,0,0,0,0,0,0,0,0,0,0,0,0,0,0,0,0,0,0,0,0,0,0,0,0,0,0,0,0,0,0,0,0,0,0,0,0,0,0,0,0,0,0,0,0,0,0,05-02-2026 14:29
,,,0,0,0,0,0,0,0,0,0,0,0,0,0,0,0,0,0,0,0,0,0,0,0,0,0,0,0,0,0,0,0,0,0,0,0,0,0,0,0,0,0,0,0,0,0,0,0,0,0,0,0,0,0,0,0,0,0,0,0,0,0,0,0,0,0,05-02-2026 14:29
,,,0,0,0,0,0,0,0,0,0,0,0,0,0,0,0,0,0,0,0,0,0,0,0,0,0,0,0,0,0,0,0,0,0,0,0,0,0,0,0,0,0,0,0,0,0,0,0,0,0,0,0,0,0,0,0,0,0,0,0,0,0,0,0,0,0,05-02-2026 14:29
,,,0,0,0,0,0,0,0,0,0,0,0,0,0,0,0,0,0,0,0,0,0,0,0,0,0,0,0,0,0,0,0,0,0,0,0,0,0,0,0,0,0,0,0,0,0,0,0,0,0,0,0,0,0,0,0,0,0,0,0,0,0,0,0,0,0,05-02-2026 14:29
,,,0,0,0,0,0,0,0,0,0,0,0,0,0,0,0,0,0,0,0,0,0,0,0,0,0,0,0,0,0,0,0,0,0,0,0,0,0,0,0,0,0,0,0,0,0,0,0,0,0,0,0,0,0,0,0,0,0,0,0,0,0,0,0,0,0,05-02-2026 14:30
,,,0,0,0,0,0,0,0,0,0,0,0,0,0,0,0,0,0,0,0,0,0,0,0,0,0,0,0,0,0,0,0,0,0,0,0,0,0,0,0,0,0,0,0,0,0,0,0,0,0,0,0,0,0,0,0,0,0,0,0,0,0,0,0,0,0,05-02-2026 14:30
,,,0,0,0,0,0,0,0,0,0,0,0,0,0,0,0,0,0,0,0,0,0,0,0,0,0,0,0,0,0,0,0,0,0,0,0,0,0,0,0,0,0,0,0,0,0,0,0,0,0,0,0,0,0,0,0,0,0,0,0,0,0,0,0,0,0,05-02-2026 14:30
,,,0,0,0,0,0,0,0,0,0,0,0,0,0,0,0,0,0,0,0,0,0,0,0,0,0,0,0,0,0,0,0,0,0,0,0,0,0,0,0,0,0,0,0,0,0,0,0,0,0,0,0,0,0,0,0,0,0,0,0,0,0,0,0,0,0,05-02-2026 14:33
,,,0,0,0,0,0,0,0,0,0,0,0,0,0,0,0,0,0,0,0,0,0,0,0,0,0,0,0,0,0,0,0,0,0,0,0,0,0,0,0,0,0,0,0,0,0,0,0,0,0,0,0,0,0,0,0,0,0,0,0,0,0,0,0,0,0,05-02-2026 14:33
,,,0,0,0,0,0,0,0,0,0,0,0,0,0,0,0,0,0,0,0,0,0,0,0,0,0,0,0,0,0,0,0,0,0,0,0,0,0,0,0,0,0,0,0,0,0,0,0,0,0,0,0,0,0,0,0,0,0,0,0,0,0,0,0,0,0,05-02-2026 14:34
,,,0,0,0,0,0,0,0,0,0,0,0,0,0,0,0,0,0,0,0,0,0,0,0,0,0,0,0,0,0,0,0,0,0,0,0,0,0,0,0,0,0,0,0,0,0,0,0,0,0,0,0,0,0,0,0,0,0,0,0,0,0,0,0,0,0,05-02-2026 14:34
,,,0,0,0,0,0,0,0,0,0,0,0,0,0,0,0,0,0,0,0,0,0,0,0,0,0,0,0,0,0,0,0,0,0,0,0,0,0,0,0,0,0,0,0,0,0,0,0,0,0,0,0,0,0,0,0,0,0,0,0,0,0,0,0,0,0,05-02-2026 14:37
,,,0,0,0,0,0,0,0,0,0,0,0,0,0,0,0,0,0,0,0,0,0,0,0,0,0,0,0,0,0,0,0,0,0,0,0,0,0,0,0,0,0,0,0,0,0,0,0,0,0,0,0,0,0,0,0,0,0,0,0,0,0,0,0,0,0,05-02-2026 14:39
,,,0,0,0,0,0,0,0,0,0,0,0,0,0,0,0,0,0,0,0,0,0,0,0,0,0,0,0,0,0,0,0,0,0,0,0,0,0,0,0,0,0,0,0,0,0,0,0,0,0,0,0,0,0,0,0,0,0,0,0,0,0,0,0,0,0,05-02-2026 14:39
,,,0,0,0,0,0,0,0,0,0,0,0,0,0,0,0,0,0,0,0,0,0,0,0,0,0,0,0,0,0,0,0,0,0,0,0,0,0,0,0,0,0,0,0,0,0,0,0,0,0,0,0,0,0,0,0,0,0,0,0,0,0,0,0,0,0,05-02-2026 14:40
,,,0,0,0,0,0,0,0,0,0,0,0,0,0,0,0,0,0,0,0,0,0,0,0,0,0,0,0,0,0,0,0,0,0,0,0,0,0,0,0,0,0,0,0,0,0,0,0,0,0,0,0,0,0,0,0,0,0,0,0,0,0,0,0,0,0,05-02-2026 14:44
,,,0,0,0,0,0,0,0,0,0,0,0,0,0,0,0,0,0,0,0,0,0,0,0,0,0,0,0,0,0,0,0,0,0,0,0,0,0,0,0,0,0,0,0,0,0,0,0,0,0,0,0,0,0,0,0,0,0,0,0,0,0,0,0,0,0,05-02-2026 14:47
,,,0,0,0,0,0,0,0,0,0,0,0,0,0,0,0,0,0,0,0,0,0,0,0,0,0,0,0,0,0,0,0,0,0,0,0,0,0,0,0,0,0,0,0,0,0,0,0,0,0,0,0,0,0,0,0,0,0,0,0,0,0,0,0,0,0,05-02-2026 14:49
,,,0,0,0,0,0,0,0,0,0,0,0,0,0,0,0,0,0,0,0,0,0,0,0,0,0,0,0,0,0,0,0,0,0,0,0,0,0,0,0,0,0,0,0,0,0,0,0,0,0,0,0,0,0,0,0,0,0,0,0,0,0,0,0,0,0,05-02-2026 14:50
,,,0,0,0,0,0,0,0,0,0,0,0,0,0,0,0,0,0,0,0,0,0,0,0,0,0,0,0,0,0,0,0,0,0,0,0,0,0,0,0,0,0,0,0,0,0,0,0,0,0,0,0,0,0,0,0,0,0,0,0,0,0,0,0,0,0,05-02-2026 14:51
,,,0,0,0,0,0,0,0,0,0,0,0,0,0,0,0,0,0,0,0,0,0,0,0,0,0,0,0,0,0,0,0,0,0,0,0,0,0,0,0,0,0,0,0,0,0,0,0,0,0,0,0,0,0,0,0,0,0,0,0,0,0,0,0,0,0,05-02-2026 14:51
,,,0,0,0,0,0,0,0,0,0,0,0,0,0,0,0,0,0,0,0,0,0,0,0,0,0,0,0,0,0,0,0,0,0,0,0,0,0,0,0,0,0,0,0,0,0,0,0,0,0,0,0,0,0,0,0,0,0,0,0,0,0,0,0,0,0,05-02-2026 14:51
,,,0,0,0,0,0,0,0,0,0,0,0,0,0,0,0,0,0,0,0,0,0,0,0,0,0,0,0,0,0,0,0,0,0,0,0,0,0,0,0,0,0,0,0,0,0,0,0,0,0,0,0,0,0,0,0,0,0,0,0,0,0,0,0,0,0,05-02-2026 14:52
,,,0,0,0,0,0,0,0,0,0,0,0,0,0,0,0,0,0,0,0,0,0,0,0,0,0,0,0,0,0,0,0,0,0,0,0,0,0,0,0,0,0,0,0,0,0,0,0,0,0,0,0,0,0,0,0,0,0,0,0,0,0,0,0,0,0,05-02-2026 14:52
2026-02-05,A,05-02-2026 03:32,25,30,31,17,18,27,36,32,16,17,25,35,33,17,20,32,33,28,20,20,33,30,31,23,34,37,40,38,22,21,31,30,31,21,20,35,33,28,20,21,26,48,37,25,23,40,49,46,30,30,31,45,36,34,37,28,29,38,0,0,24,33,24,0,0,06-02-2026 03:36
2026-02-06,A,06-02-2026 06:12,26,34,31,16,17,26,35,32,16,17,25,35,30,17,19,31,31,28,18,18,33,35,35,24,33,38,38,41,21,22,29,31,30,22,19,33,33,29,22,19,35,48,39,30,24,37,49,40,29,30,31,45,36,35,40,27,29,41,0,0,25,32,24,0,0,06-02-2026 06:16
2026-02-07,A,07-02-2026 05:40,24,30,30,16,16,26,31,33,15,15,25,30,31,17,20,32,32,34,22,19,33,32,31,28,20,38,41,39,21,22,28,30,30,22,19,31,30,28,19,18,36,46,37,32,28,37,48,38,32,28,33,41,37,32,40,25,40,27,0,0,23,29,35,0,0,07-02-2026 05:43
2026-02-08,A,08-02-2026 06:25,24,31,28,16,16,26,32,33,16,16,26,28,33,18,19,34,31,26,21,19,35,30,31,24,21,42,43,38,21,22,42,30,29,22,19,30,31,29,20,19,36,46,37,32,25,37,47,40,34,30,34,41,37,36,38,27,40,28,0,0,26,28,31,0,0,08-02-2026 06:29
2026-02-05,B,08-02-2026 09:22,22,30,28,18,19,28,34,37,19,18,28,33,36,21,20,31,34,27,21,20,35,32,32,30,31,36,41,40,22,21,30,34,33,22,20,31,26,30,20,21,36,49,41,24,23,36,50,39,26,24,33,46,38,35,34,29,39,29,0,0,25,24,32,0,0,08-02-2026 09:30
2026-02-06,B,06-02-2026 09:36,24,30,23,17,18,27,33,26,18,17,26,34,33,20,21,34,30,31,21,20,34,31,32,26,24,38,41,39,22,22,28,31,30,23,20,31,24,27,22,22,32,46,37,23,24,34,48,46,24,27,33,45,38,34,36,29,28,29,0,0,25,24,33,0,0,08-02-2026 09:38
2026-02-08,B,09-02-2026 05:18,23,29,25,17,18,25,32,34,16,17,26,34,32,18,19,31,30,25,17,18,32,28,30,31,26,44,43,39,24,23,34,35,33,24,22,37,35,32,23,23,40,46,40,35,28,41,47,43,36,32,38,44,39,38,39,26,42,27,0,0,28,31,35,0,0,09-02-2026 05:20
2026-02-09,A,09-02-2026 05:23,22,34,32,18,17,29,35,33,19,20,30,34,32,20,21,34,32,29,19,20,29,25,28,26,28,34,37,36,21,20,33,28,26,20,19,29,24,23,21,22,34,44,41,23,28,39,47,45,24,22,42,41,44,30,28,24,28,32,0,0,23,29,36,0,0,09-02-2026 05:25
2026-02-10,A,,20,24,26,18,19,24,31,35,18,18,29,32,31,18,17,30,32,30,19,23,31,28,26,22,23,35,40,39,22,21,23,28,29,21,20,29,30,32,23,22,32,47,43,24,23,39,48,44,29,30,43,44,46,34,33,30,34,38,0,0,28,31,36,0,0,10-02-2026 05:35
2026-02-11,A,11-02-2026 05:27,24,26,29,26,34,35,17,18,20,34,32,19,20,35,30,35,30,28,20,19,38,36,37,30,28,37,42,34,22,21,25,31,30,23,24,29,25,31,20,21,34,46,42,23,24,37,47,48,24,23,42,45,47,34,36,26,32,29,0,0,30,36,38,0,0,11-02-2026 05:29
2026-02-19,B,19-02-2026 14:49,34,43,40,28,26,46,43,44,27,27,42,43,44,28,27,43,41,35,29,27,48,42,39,29,27,51,50,48,31,29,42,42,39,32,29,43,42,41,32,29,46,51,49,39,36,47,52,50,40,37,44,48,46,43,43,40,49,37,37,0,37,39,41,0,0,19-02-2026 14:54
2026-02-20,B,20-02-2026 13:37,38,38,35,31,26,41,43,46,27,27,41,43,46,28,27,45,41,35,29,28,47,41,39,44,33,50,50,48,30,28,41,40,38,31,28,45,41,37,30,29,45,49,42,38,37,46,50,44,39,38,45,47,45,41,42,40,46,37,0,0,37,39,41,0,0,21-02-2026 13:37
2026-02-20,B,20-02-2026 13:37,38,38,35,31,26,41,43,46,27,27,41,43,46,28,27,45,41,35,29,28,47,41,39,44,33,50,50,48,30,28,41,40,38,31,28,45,41,37,30,29,45,49,42,38,37,46,50,44,39,38,45,47,45,41,42,40,46,37,0,0,37,39,41,0,0,21-02-2026 13:39
2026-03-01,A,01-03-2026 06:05,32,36,36,26,22,32,36,42,25,25,34,37,41,27,27,39,38,33,28,27,43,37,38,34,29,47,48,46,26,26,36,36,34,28,25,36,35,35,26,25,44,47,39,36,33,45,49,42,39,36,43,46,40,30,33,33,46,33,0,0,34,36,41,0,0,01-03-2026 06:09
