ID,Start time,Completion time,Email,Name,Last modified time,Operation Date,Operation Mode,Syrup or Molasses Used (Qtls),Wash Distilled,TRS,UFS,Alcohol % ,Actual Ethanol Production (BL),AL to BL Ratio (%),Total BH Molasses in Storage (Distillery) - Qtls,Total CH Molasses in Storage (Distillery) - Qtls,Ethanol in Storage (BL),FS,FS QTY,Theoretical Yield,Alchol Prod In Fermentation,FE,Actual Prod. AL,DE,OE,REC BL,REC AL,TRS QTY,UFS QTY,,
836,,05-11-2026 04:42,anonymous,,,10-05-2026,B Heavy,4050,957750,54.35,2.95,12.88,122100,99.8,138272.46,0,282994.1,51.4,2081.7,134061.48,123358.2,0.9202,121855.8,0.987820834,0.908954608,30.15,30.09,2201.175,119.475,,
835,,05-10-2026 02:58,anonymous,,,09-05-2026,B Heavy,4100,969450,54.35,2.95,12.88,123600,99.8,142322.46,0,160894.1,51.4,2107.4,135716.56,124865.16,0.92,123352.8,0.987888055,0.908900137,30.15,30.09,2228.35,120.95,,1
834,,05-09-2026 06:55,anonymous,,,08-05-2026,B Heavy,4100,968750,54.35,2.95,12.88,123500,99.8,141422.46,0,257294.1,51.4,2107.4,135716.56,124775,0.9194,123253,0.987802044,0.908164781,30.12,30.06,2228.35,120.95,,1
832,,05-08-2026 09:56,anonymous,,,07-05-2026,B Heavy,4100,969750,54.35,2.95,12.88,123500,99.8,138522.46,0,718794.1,51.4,2107.4,135716.56,124903.8,0.9203,123253,0.986783429,0.908164781,30.12,30.06,2228.35,120.95,,1
831,,05-07-2026 03:24,anonymous,,,06-05-2026,B Heavy,4100,969650,54.35,2.9,12.87,123500,99.8,135622.46,0,1236294.1,51.45,2109.45,135848.58,124793.955,0.9186,123253,0.987652006,0.907282211,30.12,30.06,2228.35,118.9,,1
830,,05-05-2026 04:53,anonymous,,,04-05-2026,B Heavy,4050,963100,54.35,2.72,12.88,122800,99.8,132772.46,0,1339994.1,51.63,2091.015,134661.366,124047.28,0.9212,122554.4,0.987965234,0.910093248,30.32,30.26,2201.175,110.16,,1
829,,05-04-2026 03:49,anonymous,,,03-05-2026,B Heavy,3950,941750,54.35,2.7,12.88,120100,99.8,136822.46,0,1217194.1,51.65,2040.175,131387.27,121297.4,0.9232,119859.8,0.988148138,0.912263418,30.41,30.34,2146.825,106.65,,1
828,,05-03-2026 04:32,anonymous,,,02-05-2026,B Heavy,3950,941650,54.35,2.7,12.88,120100,99.8,140772.46,0,1097094.1,51.65,2040.175,131387.27,121284.52,0.9231,119859.8,0.988253076,0.912263418,30.41,30.34,2146.825,106.65,,1
827,,05-02-2026 05:09,anonymous,,,01-05-2026,B Heavy,4050,961450,54.35,2.72,12.9,122800,99.8,144722.17,0,976994.1,51.63,2091.015,134661.366,124027.05,0.921,122554.4,0.98812638,0.910093248,30.32,30.26,2201.175,110.16,,1
826,,05-01-2026 05:38,anonymous,,,30-04-2026,B Heavy,4050,961600,54.35,2.7,12.9,122809.6,99.8,148772.46,0,854194.1,51.65,2091.825,134713.53,124046.4,0.9208,122563.9808,0.988049478,0.90981196,30.32,30.26,2201.175,109.35,,1
825,,4/30/26 9:10:20,anonymous,,,29-04-2026,B Heavy,4050,961600,54.35,2.7,12.9,122800,99.8,155116.57,0,732080.5,51.65,2091.825,134713.53,124046.4,0.9208,122554.4,0.987972243,0.90974084,30.32,30.26,2201.175,109.35,,1
824,,4/29/26 4:55:23,anonymous,,,28-04-2026,B Heavy,4100,941250,54.35,2.6,12.89,120100,99.8,159166.57,0,858280.5,51.75,2121.75,136640.7,121327.125,0.8879,119859.8,0.987906043,0.877189593,29.29,29.23,2228.35,106.6,,1
823,,4/28/26 7:26:30,anonymous,,,27-04-2026,B Heavy,3950,941150,54.35,2.6,12.89,120100,99.8,163116.57,0,738180.5,51.75,2044.125,131641.65,121314.235,0.9215,119859.8,0.988011011,0.91050059,30.41,30.34,2146.825,102.7,,1
822,,4/27/26 4:18:42,anonymous,,,26-04-2026,B Heavy,900,214350,54.3,2.5,12.89,27300,99.8,167066.57,0,928080.5,51.8,466.2,30023.28,27629.715,0.9203,27245.4,0.986090519,0.907475799,30.33,30.27,488.7,22.5,,1
821,,4/26/26 4:10:13,anonymous,,,25-04-2026,B Heavy,0,0,0,0,0,0,0,167966.57,0,900780.5,0,0,0,0,,0,,,,,0,0,,1
820,,4/25/26 3:06:50,anonymous,,,24-04-2026,B Heavy,0,0,0,0,0,0,0,167966.57,0,900780.5,0,0,0,0,,0,,,,,0,0,,1
819,,4/24/26 8:03:23,anonymous,,,23-04-2026,B Heavy,0,0,0,0,0,0,0,167966.57,0,1135780.5,0,0,0,0,,0,,,,,0,0,,1
817,,4/23/26 5:23:23,anonymous,,,22-04-2026,B Heavy,0,0,0,0,0,0,0,167966.57,0,1135780.5,0,0,0,0,,0,,,,,0,0,,1
818,,4/23/26 5:25:35,anonymous,,,21-04-2026,B Heavy,2300,550350,54.35,2.5,12.9,70300,99.8,167966.57,0,1135780.5,51.85,1192.55,76800.22,70995.15,0.9244,70159.4,0.988228069,0.913531237,30.57,30.5,1250.05,57.5,,1
816,,4/21/26 4:26:53,anonymous,,,20-04-2026,B Heavy,4100,981150,54.35,2.5,12.9,125300,99.8,170266.57,0,1370480.5,51.85,2125.85,136904.74,126568.35,0.9245,125049.4,0.987998974,0.913404459,30.56,30.5,2228.35,102.5,,1
815,,4/20/26 9:21:45,anonymous,,,19-04-2026,B Heavy,4100,980950,54.34,2.5,12.9,125300,99.8,174366.57,0,1245180.5,51.84,2125.44,136878.336,126542.55,0.9245,125049.4,0.988200412,0.913580656,30.56,30.5,2227.94,102.5,,1
814,,4/19/26 6:34:17,anonymous,,,18-04-2026,B Heavy,3600,871700,54.34,2.48,12.75,109800,99.8,178466.57,0,1119880.5,51.86,1866.96,120232.224,111141.75,0.9244,109580.4,0.985951724,0.911406247,30.5,30.44,1956.24,89.28,,2
813,,4/19/26 6:31:59,anonymous,,,17-04-2026,B Heavy,4100,993400,54.34,2.48,12.75,125300,99.8,182066.57,0,1010080.5,51.86,2126.26,136931.144,126658.5,0.925,125049.4,0.98729576,0.91322833,30.56,30.5,2227.94,101.68,,1
812,,4/17/26 5:34:02,anonymous,,,16-04-2026,B Heavy,4100,982500,54.34,2.48,12.9,125500,99.8,186166.57,0,884780.5,51.86,2126.26,136931.144,126742.5,0.9256,125249,0.988216265,0.914685997,30.61,30.55,2227.94,101.68,,1
811,,4/16/26 4:34:04,anonymous,,,15-04-2026,B Heavy,4100,982550,54.34,2.5,12.9,125500,99.8,194366.57,0,1001780.5,51.84,2125.44,136878.336,126748.95,0.926,125249,0.988165977,0.915038885,30.61,30.55,2227.94,102.5,,1
809,,4/14/26 5:02:17,anonymous,,,13-04-2026,B Heavy,4100,984250,54.34,2.5,12.88,125500,99.8,198466.57,0,876280.5,51.84,2125.44,136878.336,126771.4,0.9262,125249,0.987990982,0.915038885,30.61,30.55,2227.94,102.5,,1
808,,4/13/26 8:49:27,anonymous,,,12-04-2026,B Heavy,4100,985750,54.4,2.38,12.88,125700,99.8,205566.57,0,950780.5,52.02,2132.82,137353.608,126964.6,0.9244,125448.6,0.988059664,0.913325844,30.66,30.6,2230.4,97.58,,1
807,,04-12-2026 04:32,anonymous,,,11-04-2026,B Heavy,4100,987250,54.4,2.38,12.86,125700,99.8,206666.57,0,825080.5,52.02,2132.82,137353.608,126960.35,0.9243,125448.6,0.988092739,0.913325844,30.66,30.6,2230.4,97.58,,1
806,,04-11-2026 05:03,anonymous,,,10-04-2026,B Heavy,4050,978650,54.4,2.35,12.84,124400,99.8,210766.57,0,699380.5,52.05,2108.025,135756.81,125658.66,0.9256,124151.2,0.988003533,0.914511766,30.72,30.65,2203.2,95.175,,1
805,,04-10-2026 09:48,anonymous,,,09-04-2026,B Heavy,4000,973550,54.54,2.2,12.8,123300,99.8,214816.57,0,574980.5,52.34,2093.6,134827.84,124614.4,0.9242,123053.4,0.987473358,0.912670558,30.83,30.76,2181.6,88,,1
803,,04-08-2026 08:52,anonymous,,,07-04-2026,B Heavy,4000,977550,54.5,2.18,12.78,123800,99.8,217816.57,0,933880.5,52.32,2092.8,134776.32,124930.89,0.9269,123552.4,0.98896598,0.916721869,30.95,30.89,2180,87.2,,1
802,,04-07-2026 07:20,anonymous,,,06-04-2026,B Heavy,4000,977650,54.5,2.18,12.78,123700,99.8,221816.57,0,1013080.5,52.32,2092.8,134776.32,124943.67,0.927,123452.6,0.988066062,0.915981383,30.93,30.86,2180,87.2,,1
801,,04-06-2026 04:46,anonymous,,,05-04-2026,B Heavy,4000,977650,54.54,2.2,12.78,123700,99.8,225816.57,0,1634380.5,52.34,2093.6,134827.84,124943.67,0.9267,123452.6,0.988066062,0.915631371,30.93,30.86,2181.6,88,,1
800,,04-05-2026 03:16,anonymous,,,04-04-2026,B Heavy,4000,977750,54.54,2.18,12.78,123700,99.8,229816.57,0,1510680.5,52.36,2094.4,134879.36,124956.45,0.9264,123452.6,0.987965007,0.915281626,30.93,30.86,2181.6,87.2,,1
799,,04-04-2026 04:45,anonymous,,,03-04-2026,B Heavy,4050,991150,54.54,2.18,12.76,125200,99.8,228816.57,0,1386980.5,52.36,2120.58,136565.352,126470.74,0.9261,124949.6,0.987972396,0.914943638,30.91,30.85,2208.87,88.29,,1
798,,04-02-2026 09:22,anonymous,,,01-04-2026,B Heavy,4050,991850,54.54,2.2,12.76,125300,99.8,221916.57,0,1136480.5,52.34,2119.77,136513.188,126560.06,0.9271,125049.4,0.988063691,0.916024318,30.94,30.88,2208.87,89.1,,1
797,,3/31/26 9:10:59,anonymous,,,30-03-2026,B Heavy,4050,991650,54.54,2.2,12.76,125300,99.8,225946.64,0,886677.3,52.34,2119.77,136513.188,126534.54,0.9269,125049.4,0.988262968,0.916024318,30.94,30.88,2208.87,89.1,,1
796,,3/30/26 4:37:04,anonymous,,,29-03-2026,B Heavy,4050,992550,54.54,2.2,12.75,125300,99.8,224996.64,0,1076377.3,52.34,2119.77,136513.188,126550.125,0.927,125049.4,0.98814126,0.916024318,30.94,30.88,2208.87,89.1,,1
795,,3/29/26 3:12:35,anonymous,,,28-03-2026,B Heavy,4050,993100,54.5,2.2,12.74,125300,99.8,224046.64,0,951077.3,52.3,2118.15,136408.86,126520.94,0.9275,125049.4,0.988369198,0.916724911,30.94,30.88,2207.25,89.1,,1
794,,3/28/26 4:51:22,anonymous,,,27-03-2026,B Heavy,4050,992350,54.5,2.2,12.74,125200,99.8,223096.64,0,825777.3,52.3,2118.15,136408.86,126425.39,0.9268,124949.6,0.988326791,0.915993287,30.91,30.85,2207.25,89.1,,1
793,,3/27/26 3:05:09,anonymous,,,26-03-2026,B Heavy,4050,992250,54.5,2.2,12.74,125200,99.8,222146.64,0,700577.3,52.3,2118.15,136408.86,126412.65,0.9267,124949.6,0.988426396,0.915993287,30.91,30.85,2207.25,89.1,,1
792,,3/26/26 5:39:23,anonymous,,,25-03-2026,B Heavy,4050,992350,54.54,2.2,12.74,125200,99.8,221196.64,0,1079377.3,52.34,2119.77,136513.188,126425.39,0.9261,124949.6,0.988326791,0.915293254,30.91,30.85,2208.87,89.1,,1
791,,3/25/26 4:36:43,anonymous,,,24-03-2026,B Heavy,4050,992450,54.54,2.22,12.74,125200,99.8,225246.64,0,954177.3,52.32,2118.96,136461.024,126438.13,0.9266,124949.6,0.988227206,0.915643136,30.91,30.85,2208.87,89.91,,1
790,,3/24/26 4:25:35,anonymous,,,23-03-2026,B Heavy,4050,991750,54.54,2.22,12.75,125200,99.8,229296.64,0,1268977.3,52.32,2118.96,136461.024,126448.125,0.9266,124949.6,0.988149093,0.915643136,30.91,30.85,2208.87,89.91,,1
789,,3/23/26 5:33:44,anonymous,,,22-03-2026,B Heavy,4050,992450,54.54,2.2,12.75,125300,99.8,228346.64,0,1143777.3,52.34,2119.77,136513.188,126537.375,0.9269,125049.4,0.988240826,0.916024318,30.94,30.88,2208.87,89.1,,1
788,,3/22/26 4:51:07,anonymous,,,21-03-2026,B Heavy,4050,993350,54.54,2.2,12.74,125300,99.8,227396.64,0,1018477.3,52.34,2119.77,136513.188,126552.79,0.927,125049.4,0.988120452,0.916024318,30.94,30.88,2208.87,89.1,,1
787,,3/21/26 5:11:45,anonymous,,,20-03-2026,B Heavy,3800,933650,54.54,2.2,12.72,117600,99.8,226446.64,0,893177.3,52.34,1988.92,128086.448,118760.28,0.9272,117364.8,0.988249607,0.916293658,30.95,30.89,2072.52,83.6,,1
786,,3/20/26 4:37:28,anonymous,,,19-03-2026,B Heavy,4050,994800,54.54,2.2,12.72,125300,99.9,225246.64,0,969577.3,52.34,2119.77,136513.188,126538.56,0.9269,125174.7,0.989221783,0.916942179,30.94,30.91,2208.87,89.1,,1
785,,3/18/26 4:15:02,anonymous,,,17-03-2026,B Heavy,4050,985150,54.45,2.2,12.82,125100,99.8,228246.64,0,1032177.3,52.25,2116.125,136278.45,126296.23,0.9268,124849.8,0.988547322,0.916137511,30.89,30.83,2205.225,89.1,,1
784,,3/17/26 4:51:31,anonymous,,,16-03-2026,B Heavy,4050,979150,54.45,2.4,12.82,124300,99.8,227296.64,0,907077.3,52.05,2108.025,135756.81,125527.03,0.9246,124051.4,0.988244524,0.913776627,30.69,30.63,2205.225,97.2,,1
783,,3/16/26 5:11:40,anonymous,,,15-03-2026,B Heavy,4050,980100,54.45,2.42,12.8,124300,99.8,226346.64,0,1121777.3,52.03,2107.215,135704.646,125452.8,0.9245,124051.4,0.988829265,0.914127877,30.69,30.63,2205.225,98.01,,1
781,,3/15/26 4:51:17,anonymous,,,14-03-2026,B Heavy,4050,976150,54.35,2.5,12.8,123700,99.8,225446.64,0,997477.3,51.85,2099.925,135235.17,124947.2,0.9239,123452.6,0.988038147,0.912873478,30.54,30.48,2201.175,101.25,,1
782,,3/15/26 4:53:20,anonymous,,,13-03-2026,B Heavy,3950,950650,54.35,2.5,12.8,120500,99.8,224446.64,0,873777.3,51.85,2048.075,131896.03,121683.2,0.9226,120259,0.988295837,0.911771188,30.51,30.45,2146.825,98.75,,1
780,,3/13/26 10:40:34,anonymous,,,12-03-2026,B Heavy,3950,950750,54.35,2.5,12.8,120500,99.8,228396.64,0,753277.3,51.85,2048.075,131896.03,121696,0.9227,120259,0.988191888,0.911771188,30.51,30.45,2146.825,98.75,,1
779,,03-12-2026 04:59,anonymous,,,11-03-2026,B Heavy,4100,980500,54.3,2.88,12.78,124100,99.8,227346.64,0,632777.3,51.42,2108.22,135769.368,125307.9,0.9229,123851.8,0.988379823,0.912221967,30.27,30.21,2226.3,118.08,,1
778,,03-11-2026 03:33,anonymous,,,10-03-2026,B Heavy,4100,980550,54.3,2.9,12.78,124100,99.8,221446.64,0,768677.3,51.4,2107.4,135716.56,125314.29,0.9234,123851.8,0.988329424,0.912576918,30.27,30.21,2226.3,118.9,,1
777,,03-10-2026 03:21,anonymous,,,09-03-2026,B Heavy,4100,980650,54.3,2.92,12.78,124100,99.8,225546.64,0,644577.3,51.38,2106.58,135663.752,125327.07,0.9238,123851.8,0.98822864,0.912932144,30.27,30.21,2226.3,119.72,,1
776,,03-07-2026 03:07,anonymous,,,06-03-2026,B Heavy,4200,975950,53.8,3.64,12.72,122700,99.8,227946.64,0,693677.3,50.16,2106.72,135672.768,124140.84,0.915,122454.6,0.986416718,0.902573168,29.21,29.16,2259.6,152.88,,1
775,,03-06-2026 05:38,anonymous,,,05-03-2026,B Heavy,4200,976450,53.7,3.6,12.7,122600,99.8,222146.64,0,645977.3,50.1,2104.2,135510.48,124009.15,0.9151,122354.8,0.986659452,0.902917619,29.19,29.13,2255.4,151.2,,1
774,,03-05-2026 08:59,anonymous,,,04-03-2026,B Heavy,4300,999650,53.6,3.6,12.66,125100,99.8,216346.64,0,523377.3,50,2150,138460,126555.69,0.914,124849.8,0.986520638,0.901703019,29.09,29.03,2304.8,154.8,,1
773,,03-04-2026 04:05,anonymous,,,03-03-2026,B Heavy,4250,1006550,53.4,3.58,12.42,123600,99.8,220646.64,0,696364.9,49.82,2117.35,136357.34,125013.51,0.9168,123352.8,0.986715756,0.90462897,29.08,29.02,2269.5,152.15,,1
772,,03-03-2026 03:08,anonymous,,,02-03-2026,B Heavy,4300,1006550,52.5,3.6,12.28,122200,99.8,224896.64,0,274677.3,48.9,2102.7,135413.88,123604.34,0.9128,121955.6,0.986661148,0.900613733,28.42,28.36,2257.5,154.8,,1
771,,03-02-2026 03:40,anonymous,,,01-03-2026,B Heavy,4000,113600,52.5,3.6,12.25,113600,99.8,229196.64,0,152477.3,48.9,1956,125966.4,13916,0.1105,113372.8,8.146938776,0.900024133,28.4,28.34,2100,144,,1
770,,03-01-2026 05:13,anonymous,,,28-02-2026,Syrup,4250,1019450,53,0.9,12.66,127639.7,99.9,233196.64,0,298087.6,52.1,2214.25,142597.7,129062.37,0.9051,127512.0603,0.987987903,0.894208394,30.03,30,2252.5,38.25,,1
769,,2/27/26 3:16:42,anonymous,,,26-02-2026,Syrup,4000,978650,53.3,0.78,12.66,122500,99.8,223196.64,0,276982.4,52.52,2100.8,135291.52,123897.09,0.9158,122255,0.986746339,0.903641263,30.63,30.56,2132,31.2,,1
768,,2/25/26 4:47:47,anonymous,,,24-02-2026,Syrup,3950,963550,53.2,0.8,12.65,120500,99.8,223196.64,0,527582.4,52.4,2069.8,133295.12,121889.075,0.9144,120259,0.98662657,0.902201071,30.51,30.45,2101.4,31.6,,1
767,,2/23/26 3:51:20,anonymous,,,22-02-2026,Syrup,3950,975450,53.7,0.75,12.66,122100,99.8,203196.64,0,286182.4,52.95,2091.525,134694.21,123491.97,0.9168,121855.8,0.986750798,0.904684767,30.91,30.85,2121.15,29.625,,1
766,,2/22/26 3:53:10,anonymous,,,21-02-2026,Syrup,4050,991050,53.5,0.8,12.68,124200,99.8,203196.64,0,164082.4,52.7,2134.35,137452.14,125665.14,0.9142,123951.6,0.986364238,0.901780067,30.67,30.61,2166.75,32.4,,1
765,,2/21/26 3:31:15,anonymous,,,20-02-2026,Syrup,4000,977950,53.4,0.8,12.68,122600,99.8,193196.64,0,269882.4,52.6,2104,135497.6,124004.06,0.9152,122354.8,0.986699952,0.903003448,30.65,30.59,2136,32,,1
764,,2/20/26 3:04:02,anonymous,,,19-02-2026,Syrup,4000,977350,53.4,0.8,12.68,122500,99.8,183196.64,0,147282.4,52.6,2104,135497.6,123927.98,0.9146,122255,0.986500385,0.902266904,30.63,30.56,2136,32,,1
763,,2/19/26 3:02:59,anonymous,,,18-02-2026,Syrup,4000,977450,53.4,0.8,12.68,122500,99.8,183196.64,0,289782.4,52.6,2104,135497.6,123940.66,0.9147,122255,0.986399459,0.902266904,30.63,30.56,2136,32,,1
762,,2/18/26 3:23:25,anonymous,,,17-02-2026,Syrup,3300,805450,53.18,0.78,12.66,100800,99.8,183196.64,0,167282.4,52.4,1729.2,111360.48,101969.97,0.9157,100598.4,0.986549275,0.903358175,30.55,30.48,1754.94,25.74,,1
761,,2/17/26 3:24:58,anonymous,,,16-02-2026,Syrup,3950,963800,53.12,0.78,12.66,120600,99.8,173196.64,0,520482.4,52.34,2067.43,133142.492,122017.08,0.9164,120358.8,0.986409444,0.903984883,30.53,30.47,2098.24,30.81,,1
760,,2/16/26 3:15:22,anonymous,,,15-02-2026,Syrup,4050,982250,52.76,0.78,12.65,122800,99.8,163196.64,0,399882.4,51.98,2105.19,135574.236,124254.625,0.9165,122554.4,0.986316606,0.903965264,30.32,30.26,2136.78,31.59,,1
759,,2/15/26 7:09:03,anonymous,,,14-02-2026,Syrup,4050,982700,52.58,0.72,12.62,122600,99.8,153196.64,0,315959.7,51.86,2100.33,135261.252,124016.74,0.9169,122354.8,0.986599067,0.904581306,30.27,30.21,2129.49,29.16,,1
758,,2/14/26 7:30:43,anonymous,,,13-02-2026,Syrup,4050,980700,52.49,0.72,12.62,122300,99.8,143196.64,0,193359.7,51.77,2096.685,135026.514,123764.34,0.9166,122055.4,0.986191984,0.903936541,30.2,30.14,2125.845,29.16,,1
757,,2/13/26 4:24:48,anonymous,,,12-02-2026,Syrup,4100,987500,52.4,0.72,12.67,123700,99.8,133196.64,0,340059.7,51.68,2118.88,136455.872,125116.25,0.9169,123452.6,0.986703166,0.904707128,30.17,30.11,2148.4,29.52,,1
756,,02-12-2026 13:47,anonymous,,,11-02-2026,Syrup,4100,985800,52.3,0.7,12.67,123500,99.8,133196.64,0,177482.4,51.6,2115.6,136244.64,124900.86,0.9167,123253,0.986806656,0.904644763,30.12,30.06,2144.3,28.7,,1
755,,02-11-2026 04:28,anonymous,,,10-02-2026,Syrup,3000,720200,52.1,0.7,12.65,90200,99.8,133196.64,0,401859.7,51.4,1542,99304.8,91105.3,0.9174,90019.6,0.98808302,0.906497974,30.07,30.01,1563,21,,1
754,,02-10-2026 03:37,anonymous,,,09-02-2026,Syrup,3700,885200,52,0.7,12.65,110800,99.8,133196.64,0,649659.7,51.3,1898.1,122237.64,111977.8,0.9161,110578.4,0.98750288,0.90461825,29.95,29.89,1924,25.9,,1
753,,02-09-2026 05:16,anonymous,,,08-02-2026,Syrup,4150,992250,52,0.7,12.65,124100,99.8,123196.64,0,499982.4,51.3,2128.95,137104.38,125519.625,0.9155,123851.8,0.986712636,0.903339485,29.9,29.84,2158,29.05,,1
752,,02-08-2026 04:19,anonymous,,,07-02-2026,Syrup,4150,992950,52,0.7,12.64,124100,99.8,113196.64,0,375882.4,51.3,2128.95,137104.38,125508.88,0.9154,123851.8,0.986797109,0.903339485,29.9,29.84,2158,29.05,,1
751,,02-07-2026 03:50,anonymous,,,06-02-2026,Syrup,2700,642050,51.51,0.7,12.62,80100,99.8,103196.64,0,251278.42,50.81,1371.87,88348.428,81026.71,0.9171,79939.8,0.986585781,0.904824249,29.67,29.61,1390.77,18.9,,1
750,,02-06-2026 03:14,anonymous,,,05-02-2026,Syrup,4200,993300,51.51,0.78,12.62,123900,99.8,93196.64,0,481682.4,50.73,2130.66,137214.504,125354.46,0.9136,123652.2,0.986420427,0.901159837,29.5,29.44,2163.42,32.76,,1
749,,02-05-2026 03:31,anonymous,,,04-02-2026,Syrup,4100,986550,52,0.6,12.62,123100,99.8,83196.64,0,357782.4,51.4,2107.4,135716.56,124502.61,0.9174,122853.8,0.986756824,0.905223357,30.02,29.96,2132,24.6,,1
748,,02-04-2026 03:31,anonymous,,,03-02-2026,Syrup,4100,986350,52,0.6,12.62,123100,99.8,73196.64,0,463682.4,51.4,2107.4,135716.56,124477.37,0.9172,122853.8,0.986956906,0.905223357,30.02,29.96,2132,24.6,,1
747,,02-02-2026 03:17,anonymous,,,01-02-2026,Syrup,4150,986520,51.6,0.65,12.64,123200,99.8,63196.64,0,217382.4,50.95,2114.425,136168.97,124696.128,0.9157,122953.6,0.986025805,0.902948741,29.69,29.63,2141.4,26.975,,1
746,,02-01-2026 03:24,anonymous,,,31-01-2026,Syrup,3750,892450,51.51,0.65,12.6,111150.4,99.8,63196.64,0,94182.4,50.86,1907.25,122826.9,112448.7,0.9155,110928.0992,0.986477382,0.903125449,29.64,29.58,1931.625,24.375,,1
745,,1/31/26 3:29:00,anonymous,,,30-01-2026,Syrup,2300,546950,51.51,0.65,12.62,68100,99.8,63196.64,0,97304.8,50.86,1169.78,75333.832,69025.09,0.9163,67963.8,0.984624576,0.902168364,29.61,29.55,1184.73,14.95,,1
744,,1/30/26 2:59:22,anonymous,,,29-01-2026,Syrup,0,0,0,0,0,0,0,63196.64,0,29204.8,0,0,0,0,,0,,,,,0,0,,1
743,,1/29/26 7:19:10,anonymous,,,28-01-2026,Syrup,0,0,0,0,0,0,0,63196.64,0,29204.8,0,0,0,0,,0,,,,,0,0,,1
742,,1/29/26 7:18:23,anonymous,,,27-01-2026,Syrup,0,0,0,0,0,0,0,63196.64,0,467204.8,0,0,0,0,,0,,,,,0,0,,1
741,,1/27/26 3:50:50,anonymous,,,26-01-2026,Syrup,2600,617950,50.8,0.6,12.62,77100,99.8,63196.64,0,467204.8,50.2,1305.2,84054.88,77985.29,0.9278,76945.8,0.986670691,0.915423352,29.65,29.59,1320.8,15.6,,1
740,,1/26/26 3:39:24,anonymous,,,25-01-2026,Syrup,4100,968100,51.2,0.6,12.64,121000,99.8,63196.64,0,428982.1,50.6,2074.6,133604.24,122367.84,0.9159,120758,0.986844256,0.90384856,29.51,29.45,2099.2,24.6,,1
739,,1/25/26 4:45:26,anonymous,,,24-01-2026,Syrup,4100,968050,51.1,0.6,12.62,120800,99.8,63196.64,0,307982.1,50.5,2070.5,133340.2,122167.91,0.9162,120558.4,0.986825427,0.904141437,29.46,29.4,2095.1,24.6,,1
738,,1/24/26 2:59:42,anonymous,,,23-01-2026,Syrup,4100,968350,51.1,0.6,12.62,120800,99.8,63196.64,0,148304.8,50.5,2070.5,133340.2,122205.77,0.9165,120558.4,0.986519704,0.904141437,29.46,29.4,2095.1,24.6,,1
737,,1/23/26 3:19:29,anonymous,,,22-01-2026,Syrup,4100,968450,51.25,0.67,12.62,120800,99.8,63196.64,0,273504.8,50.58,2073.78,133551.432,122218.39,0.9151,120558.4,0.986417838,0.902711399,29.46,29.4,2101.25,27.47,,1
736,,1/22/26 3:23:27,anonymous,,,21-01-2026,Syrup,3150,755450,51.75,0.5,12.6,94100,99.8,63196.64,0,152704.8,51.25,1614.375,103965.75,95186.7,0.9156,93911.8,0.986606322,0.903295556,29.87,29.81,1630.125,15.75,,1
735,,1/21/26 3:01:30,anonymous,,,20-01-2026,Syrup,4050,973350,52.2,0.65,12.63,121500,99.8,63196.64,0,278604.8,51.55,2087.775,134452.71,122934.105,0.9143,121257,0.986357691,0.901856125,30,29.94,2114.1,26.325,,1
734,,1/20/26 3:20:42,anonymous,,,19-01-2026,Syrup,4000,967580,52.46,0.62,12.63,120800,99.8,63196.64,0,157104.8,51.84,2073.6,133539.84,122205.354,0.9151,120558.4,0.986523062,0.902789759,30.2,30.14,2098.4,24.8,,1
733,,1/19/26 3:18:15,anonymous,,,18-01-2026,Syrup,3950,947350,52.04,0.6,12.65,118500,99.8,63196.64,0,485304.8,51.44,2031.88,130853.072,119839.775,0.9158,118263,0.986842641,0.903784666,30,29.94,2055.58,23.7,,1
732,,1/17/26 3:48:22,anonymous,,,16-01-2026,Syrup,4050,962250,51.71,0.62,12.62,120500,99.8,63196.64,0,255204.8,51.09,2069.145,133252.938,121435.95,0.9113,120259,0.99030806,0.902486668,29.75,29.69,2094.255,25.11,,1
731,,1/16/26 3:29:45,anonymous,,,15-01-2026,Syrup,3950,938750,51.51,0.55,12.64,117300,99.8,63196.64,0,134704.8,50.96,2012.92,129632.048,118658,0.9153,117065.4,0.986578233,0.903059095,29.7,29.64,2034.645,21.725,,1
730,,1/15/26 3:13:11,anonymous,,,14-01-2026,Syrup,4100,978350,51.6,0.5,12.64,122300,99.8,63196.64,0,396404.8,51.1,2095.1,134924.44,123663.44,0.9165,122055.4,0.986996642,0.904620393,29.83,29.77,2115.6,20.5,,1
729,,1/14/26 3:10:52,anonymous,,,13-01-2026,Syrup,4100,978750,51.78,0.6,12.64,122300,99.8,63196.64,0,274104.8,51.18,2098.38,135135.672,123714,0.9155,122055.4,0.986593272,0.903206372,29.83,29.77,2122.98,24.6,,1
728,,1/13/26 3:10:27,anonymous,,,12-01-2026,Syrup,4050,966150,51.78,0.6,12.65,120800,99.8,63196.64,0,519804.8,51.18,2072.79,133487.676,122217.975,0.9156,120558.4,0.986421187,0.903142549,29.83,29.77,2097.09,24.3,,1
727,,01-12-2026 03:14,anonymous,,,11-01-2026,Syrup,4050,966100,51.78,0.6,12.65,120800,99.8,63196.64,0,399004.8,51.18,2072.79,133487.676,122211.65,0.9155,120558.4,0.986472239,0.903142549,29.83,29.77,2097.09,24.3,,1
726,,01-11-2026 05:05,anonymous,,,10-01-2026,Syrup,4050,961300,51.51,0.6,12.64,120100,99.8,63196.64,0,278204.8,50.91,2061.855,132783.462,121508.32,0.9151,119859.8,0.986432863,0.902671147,29.65,29.6,2086.155,24.3,,1
725,,01-10-2026 03:14,anonymous,,,09-01-2026,Syrup,4050,961250,51.51,0.6,12.64,120100,99.8,63196.64,0,158104.8,50.91,2061.855,132783.462,121502,0.915,119859.8,0.986484173,0.902671147,29.65,29.6,2086.155,24.3,,1
724,,01-09-2026 03:09,anonymous,,,08-01-2026,Syrup,4150,983850,51.4,0.6,12.63,122800,99.8,63196.64,0,267004.8,50.8,2108.2,135768.08,124260.255,0.9152,122554.4,0.986271918,0.90267462,29.59,29.53,2133.1,24.9,,1
723,,01-08-2026 03:21,anonymous,,,07-01-2026,Syrup,4150,977250,51.02,0.5,12.64,122100,99.8,63196.64,0,144204.8,50.52,2096.58,135019.752,123524.4,0.9149,121855.8,0.986491738,0.902503509,29.42,29.36,2117.33,20.75,,1
722,,01-07-2026 03:15,anonymous,,,06-01-2026,Syrup,4150,977350,51.02,0.5,12.64,122100,99.8,63196.64,0,259104.8,50.52,2096.58,135019.752,123537.04,0.915,121855.8,0.986390802,0.902503509,29.42,29.36,2117.33,20.75,,1
721,,01-06-2026 03:49,anonymous,,,05-01-2026,Syrup,4250,995450,50.6,0.5,12.6,124200,99.8,63196.64,0,175882.1,50.1,2129.25,137123.7,125426.7,0.9147,123951.6,0.988239346,0.903940019,29.22,29.17,2150.5,21.25,,1
720,,01-05-2026 03:21,anonymous,,,04-01-2026,Syrup,4250,995650,50.7,0.5,12.62,124200,99.8,63196.64,0,317804.8,50.2,2133.5,137397.4,125651.03,0.9145,123951.6,0.986475001,0.902139342,29.22,29.17,2154.75,21.25,,1
719,,01-04-2026 03:21,anonymous,,,03-01-2026,Syrup,4200,988600,51,0.5,12.62,123300,99.8,63196.64,0,193604.8,50.5,2121,136592.4,124761.32,0.9134,123053.4,0.986310501,0.900880283,29.36,29.3,2142,21,,1
718,,01-03-2026 03:24,anonymous,,,02-01-2026,Syrup,4150,986050,51.25,0.5,12.6,122800,99.8,63196.64,0,385304.8,50.75,2106.125,135634.45,124242.3,0.916,122554.4,0.98641445,0.903563954,29.59,29.53,2126.875,20.75,,1
717,,01-02-2026 03:18,anonymous,,,01-01-2026,Syrup,4150,985950,51.4,0.6,12.6,122800,99.8,63196.64,0,262504.8,50.8,2108.2,135768.08,124229.7,0.915,122554.4,0.986514497,0.90267462,29.59,29.53,2133.1,24.9,,1
716,,01-01-2026 03:22,anonymous,,,31-12-2025,Syrup,4000,947950,51.51,0.65,12.62,118231.9,99.8,63196.64,0,141372.2,50.86,2034.4,131015.36,119631.29,0.9131,117995.4362,0.98632587,0.900622921,29.56,29.5,2060.4,26,,1
715,,12/31/25 3:17:22,anonymous,,,30-12-2025,Syrup,4000,947650,51.51,0.7,12.62,118200,99.8,63196.64,0,258140.3,50.81,2032.4,130886.56,119593.43,0.9137,117963.6,0.98637191,0.901265951,29.55,29.49,2060.4,28,,1
714,,12/30/25 3:06:24,anonymous,,,29-12-2025,Syrup,3900,922950,51.51,0.7,50.81,115200,99.8,63196.64,0,139940.3,50.81,1981.59,127614.396,468950.895,3.6747,114969.6,0.245163409,0.900914032,29.54,29.48,2008.89,27.3,,1
713,,12/29/25 4:33:50,anonymous,,,28-12-2025,Syrup,3800,894950,51.3,0.7,12.63,111700,99.8,63196.64,0,227740.3,50.6,1922.8,123828.32,113032.185,0.9128,111476.6,0.986237681,0.900251251,29.39,29.34,1949.4,26.6,,1
712,,12/28/25 3:07:51,anonymous,,,27-12-2025,Syrup,3800,886700,50.8,0.7,12.62,110600,99.8,63196.64,0,116040.3,50.1,1903.8,122604.72,111901.54,0.9127,110378.8,0.986392144,0.900281816,29.11,29.05,1930.4,26.6,,1
711,,12/27/25 3:10:09,anonymous,,,26-12-2025,Syrup,3800,884550,50.5,0.6,12.62,110316.6,99.8,63196.64,0,492440.3,49.9,1896.2,122115.28,111630.21,0.9141,110095.9668,0.986256022,0.901574044,29.03,28.97,1919,22.8,,1
710,,12/26/25 4:44:41,anonymous,,,25-12-2025,Syrup,4200,990950,51.4,0.6,12.67,124100,99.8,63196.64,0,382123.7,50.8,2133.6,137403.84,125553.365,0.9138,123851.8,0.986447476,0.901370733,29.55,29.49,2158.8,25.2,,1
709,,12/25/25 4:20:06,anonymous,,,24-12-2025,Syrup,4200,996450,51.8,0.7,12.65,124600,99.8,63196.64,0,258023.7,51.1,2146.2,138215.28,126050.925,0.912,124350.8,0.986512396,0.899689238,29.67,29.61,2175.6,29.4,,1
708,,12/24/25 3:14:02,anonymous,,,23-12-2025,Syrup,4150,994550,52.76,0.75,12.67,124500,99.8,63196.64,0,133423.7,52.01,2158.415,139001.926,126009.485,0.9065,124251,0.98604482,0.893879701,30,29.94,2189.54,31.125,,1
707,,12/23/25 3:31:31,anonymous,,,22-12-2025,Syrup,4100,995150,53.12,0.75,12.66,124500,99.8,63196.64,0,508923.7,52.37,2147.17,138277.748,125985.99,0.9111,124251,0.986228707,0.898561061,30.37,30.31,2177.92,30.75,,1
706,,12/22/25 3:33:26,anonymous,,,21-12-2025,Syrup,4050,983750,53.12,0.75,12.66,123100,99.8,63196.64,0,384423.7,52.37,2120.985,136591.434,124542.75,0.9118,122853.8,0.986438793,0.899425362,30.4,30.33,2151.36,30.375,,1
705,,12/21/25 3:32:41,anonymous,,,20-12-2025,Syrup,4000,964150,52.8,0.75,12.67,120700,99.8,63196.64,0,261323.7,52.05,2082,134080.8,122157.805,0.9111,120458.6,0.986090082,0.898403052,30.18,30.11,2112,30,,1
704,,12/20/25 3:20:18,anonymous,,,19-12-2025,Syrup,4000,963250,52.75,0.75,12.67,120600,99.8,63196.64,0,140623.7,52,2080,133952,122043.775,0.9111,120358.8,0.986193683,0.898521859,30.15,30.09,2110,30,,1
703,,12/19/25 3:01:07,anonymous,,,18-12-2025,Syrup,4000,963950,52.75,0.75,12.66,120600,99.8,63196.64,0,259923.7,52,2080,133952,122036.07,0.911,120358.8,0.986255949,0.898521859,30.15,30.09,2110,30,,1
702,,12/18/25 3:13:38,anonymous,,,17-12-2025,Syrup,3950,948250,52.55,0.75,12.66,118700,99.8,63196.64,0,139423.7,51.8,2046.1,131768.84,120048.45,0.9111,118462.6,0.986789917,0.899018311,30.05,29.99,2075.725,29.625,,1
701,,12/17/25 3:15:39,anonymous,,,16-12-2025,Syrup,3950,947750,52.5,0.75,51.75,118500,99.8,63196.64,0,255723.7,51.75,2044.125,131641.65,490460.625,3.7257,118263,0.24112639,0.89837069,30,29.94,2073.75,29.625,,1
700,,12/16/25 3:25:08,anonymous,,,15-12-2025,Syrup,3950,947850,52.5,0.75,12.65,118500,99.8,63196.64,0,137223.7,51.75,2044.125,131641.65,119903.025,0.9108,118263,0.986322072,0.89837069,30,29.94,2073.75,29.625,,1
699,,12/15/25 3:26:10,anonymous,,,14-12-2025,Syrup,3800,922600,53.4,0.8,12.67,115500,99.8,63196.64,0,494723.7,52.6,1998.8,128722.72,116893.42,0.9081,115269,0.986103409,0.895482942,30.39,30.33,2029.2,30.4,,1
698,,12/14/25 3:53:06,anonymous,,,13-12-2025,Syrup,3800,922550,53.68,0.9,12.68,115600,99.8,63196.64,0,379223.7,52.78,2005.64,129163.216,116979.34,0.9057,115368.8,0.98623227,0.893201668,30.42,30.36,2039.84,34.2,,1
697,,12/13/25 3:25:59,anonymous,,,12-12-2025,Syrup,3800,922450,53.68,0.9,12.68,115600,99.8,63196.64,0,263623.7,52.78,2005.64,129163.216,116966.66,0.9056,115368.8,0.986339184,0.893201668,30.42,30.36,2039.84,34.2,,1
696,,12-12-2025 03:12,anonymous,,,11-12-2025,Syrup,3900,947450,53.48,0.85,12.68,118700,99.8,63196.64,0,148023.7,52.63,2052.57,132185.508,120136.66,0.9088,118462.6,0.986065369,0.896184474,30.44,30.38,2085.72,33.15,,1
695,,12-11-2025 03:16,anonymous,,,10-12-2025,Syrup,3900,945750,53.4,0.85,12.69,118600,99.8,63196.64,0,229323.7,52.55,2049.45,131984.58,120015.675,0.9093,118362.8,0.986227841,0.89679264,30.41,30.35,2082.6,33.15,,1
694,,12-10-2025 03:23,anonymous,,,09-12-2025,Syrup,3900,945950,53.48,0.85,12.69,118600,99.8,63196.64,0,410723.7,52.63,2052.57,132185.508,120041.055,0.9081,118362.8,0.986019325,0.895429475,30.41,30.35,2085.72,33.15,,1
693,,12-09-2025 03:29,anonymous,,,08-12-2025,Syrup,2650,641950,53.48,0.85,12.69,80500,99.8,63196.64,0,292123.7,52.63,1394.695,89818.358,81463.455,0.907,80339,0.986196817,0.894460796,30.38,30.32,1417.22,22.525,,1
692,,12-08-2025 03:23,anonymous,,,07-12-2025,Syrup,3950,959450,53.48,0.85,12.68,120200,99.8,63196.64,0,600623.7,52.63,2078.885,133880.194,121658.26,0.9087,119959.6,0.986037446,0.896022006,30.43,30.37,2112.46,33.575,,1
691,,12-07-2025 03:49,anonymous,,,06-12-2025,Syrup,3800,917250,53.48,0.8,12.7,115100,99.8,63194.44,0,519301,52.68,2001.84,128918.496,116490.75,0.9036,114869.8,0.986085161,0.891026529,30.29,30.23,2032.24,30.4,,1
690,,12-06-2025 03:16,anonymous,,,05-12-2025,Syrup,115100,918750,53.19,0.8,12.68,115100,99.8,63196.64,0,365323.7,52.39,60300.89,3883377.316,116497.5,0.03,114869.8,0.986028026,0.029579871,1,1,61221.69,920.8,,1
689,,12-05-2025 03:30,anonymous,,,04-12-2025,Syrup,3800,918550,53.19,0.8,12.68,115100,99.8,63196.64,0,250223.7,52.39,1990.82,128208.808,116472.14,0.9085,114869.8,0.986242719,0.895958724,30.29,30.23,2021.22,30.4,,1
688,,12-04-2025 03:27,anonymous,,,03-12-2025,Syrup,3550,855050,53.19,0.9,12.7,107300,99.8,63196.64,0,355123.7,52.29,1856.295,119545.398,108591.35,0.9084,107085.4,0.986131952,0.895771831,30.23,30.16,1888.245,31.95,,1
687,,12-03-2025 03:33,anonymous,,,02-12-2025,Syrup,3900,939800,53.19,0.9,12.72,118100,99.8,63196.64,0,247823.7,52.29,2039.31,131331.564,119542.56,0.9102,117863.8,0.985956801,0.897452192,30.28,30.22,2074.41,35.1,,1
686,,12-02-2025 04:15,anonymous,,,01-12-2025,Syrup,4000,961900,53.36,0.9,12.68,120500,99.8,63196.64,0,448601,52.46,2098.4,135136.96,121968.92,0.9026,120259,0.985980691,0.889904583,30.13,30.06,2134.4,36,,1
685,,12-01-2025 04:12,anonymous,,,30-11-2025,Syrup,4000,977900,53.36,0.7,12.7,122969.5,99.8,63196.64,0,328101,52.66,2106.4,135652.16,124193.3,0.9155,122723.561,0.988165714,0.90469301,30.74,30.68,2134.4,28,,1
684,,11/30/25 4:19:34,anonymous,,,29-11-2025,Syrup,4000,976950,53.36,0.7,12.72,123000,99.8,63196.64,0,207431.7,52.66,2106.4,135652.16,124268.04,0.9161,122754,0.987816336,0.904917401,30.75,30.69,2134.4,28,,1
683,,11/29/25 4:02:37,anonymous,,,28-11-2025,Syrup,4000,975500,53.19,0.7,12.72,122800,99.8,63196.64,0,303431.7,52.49,2099.6,135214.24,124083.6,0.9177,122554.4,0.987676051,0.906371992,30.7,30.64,2127.6,28,,1
682,,11/28/25 3:55:28,anonymous,,,27-11-2025,Syrup,4000,975400,53.68,0.8,12.72,122600,99.8,63196.64,0,180631.7,52.88,2115.2,136218.88,124070.88,0.9108,122354.8,0.986168551,0.898222038,30.65,30.59,2147.2,32,,1
681,,11/27/25 3:52:32,anonymous,,,26-11-2025,Syrup,4000,973400,53.68,0.8,12.7,122200,99.8,63196.64,0,301031.7,52.88,2115.2,136218.88,123621.8,0.9075,121955.6,0.986521795,0.89529146,30.55,30.49,2147.2,32,,1
680,,11/26/25 3:20:49,anonymous,,,25-11-2025,Syrup,4000,978450,53.68,0.8,12.7,122800,99.8,63196.64,0,139954.1,52.88,2115.2,136218.88,124263.15,0.9122,122554.4,0.98624894,0.899687327,30.7,30.64,2147.2,32,,1
679,,11/25/25 3:30:14,anonymous,,,24-11-2025,Syrup,4000,973250,53.68,0.9,12.7,122130.5,99.8,63196.64,0,512154.4,52.78,2111.2,135961.28,123602.75,0.9091,121886.239,0.98611268,0.896477578,30.53,30.47,2147.2,36,,1
678,,11/24/25 3:25:05,anonymous,,,23-11-2025,Syrup,4000,971950,53.7,1,12.72,122200,99.8,63196.64,0,390023.9,52.7,2108,135755.2,123632.04,0.9107,121955.6,0.986440085,0.898349382,30.55,30.49,2148,40,,1
677,,11/23/25 3:17:44,anonymous,,,22-11-2025,Syrup,4000,963950,53.7,1.2,12.72,121200,99.8,63196.64,0,267823.9,52.5,2100,135240,122614.44,0.9066,120957.6,0.986487399,0.894392192,30.3,30.24,2148,48,,1
676,,11/22/25 3:01:34,anonymous,,,21-11-2025,Syrup,4000,961750,53.7,1.2,12.75,121200,99.8,63196.64,0,146623.9,52.5,2100,135240,122623.125,0.9067,120957.6,0.986417529,0.894392192,30.3,30.24,2148,48,,1
675,,11/21/25 3:23:06,anonymous,,,20-11-2025,Syrup,4000,955850,53.8,1.4,12.8,120900,99.8,63196.64,0,260423.9,52.4,2096,134982.4,122348.8,0.9064,120658.2,0.986182128,0.89388098,30.23,30.16,2152,56,,1
674,,11/20/25 3:19:09,anonymous,,,19-11-2025,Syrup,4000,955150,53.8,1.5,12.8,120800,99.8,63196.64,0,339523.9,52.3,2092,134724.8,122259.2,0.9075,120558.4,0.986088572,0.894849352,30.2,30.14,2152,60,,1
673,,11/19/25 3:02:21,anonymous,,,18-11-2025,Syrup,3700,876750,53.8,1.7,12.8,110900,99.8,63196.64,0,218723.9,52.1,1927.7,124143.88,112224,0.904,110678.2,0.986225763,0.891531665,29.97,29.91,1990.6,62.9,,1
672,,11/18/25 3:24:53,anonymous,,,17-11-2025,Syrup,3350,791450,53.8,1.8,12.8,100100,99.8,63196.64,0,371823.9,52,1742,112184.8,101305.6,0.903,99899.8,0.986123176,0.890493186,29.88,29.82,1802.3,60.3,,1
671,,11/17/25 3:20:37,anonymous,,,16-11-2025,Syrup,4000,947100,53.9,1.8,12.82,120000,99.8,63196.64,0,271723.9,52.1,2084,134209.6,121418.22,0.9047,119760,0.986342906,0.892335571,30,29.94,2156,72,,1
670,,11/16/25 3:25:49,anonymous,,,15-11-2025,Syrup,4200,987450,54.05,2.5,12.82,125100,99.8,63196.64,0,151723.9,51.55,2165.1,139432.44,126591.09,0.9079,124849.8,0.986244767,0.895414295,29.79,29.73,2270.1,105,,1
669,,11/15/25 3:21:39,anonymous,,,14-11-2025,Syrup,4200,986050,54.35,2.5,12.84,125100,99.8,63196.64,0,284623.9,51.85,2177.7,140243.88,126608.82,0.9028,124849.8,0.986106655,0.890233499,29.79,29.73,2282.7,105,,1
668,,11/14/25 3:17:17,anonymous,,,13-11-2025,Syrup,4200,986150,54.35,2.5,12.84,125100,99.8,63196.94,0,439523.3,51.85,2177.7,140243.88,126621.66,0.9029,124849.8,0.98600666,0.890233499,29.79,29.73,2282.7,105,,1
667,,11/13/25 3:13:09,anonymous,,,12-11-2025,Syrup,4200,984450,54.05,2.4,12.86,125100,99.8,63196.64,0,314423.9,51.65,2169.3,139702.92,126600.27,0.9062,124849.8,0.986173252,0.893680676,29.79,29.73,2270.1,100.8,,1
666,,11-12-2025 03:15,anonymous,,,11-11-2025,Syrup,4050,957550,54.05,2.4,12.85,121600,99.8,63196.64,0,448323.9,51.65,2091.825,134713.53,123045.175,0.9134,121356.8,0.986278414,0.900850865,30.02,29.96,2189.025,97.2,,1
665,,11-11-2025 03:08,anonymous,,,10-11-2025,Syrup,4050,957750,54.05,2.4,12.85,121600,99.8,63196.64,0,326723.9,51.65,2091.825,134713.53,123070.875,0.9136,121356.8,0.986072456,0.900850865,30.02,29.96,2189.025,97.2,,1
664,,11-10-2025 03:19,anonymous,,,09-11-2025,Syrup,4100,952350,54,2.5,12.85,120900,99.8,63196.64,0,629123.9,51.5,2111.5,135980.6,122376.975,0.9,120658.2,0.985955079,0.887319221,29.49,29.43,2214,102.5,,1
663,,11-09-2025 05:23,anonymous,,,08-11-2025,Syrup,4100,922200,53.25,2.5,12.9,117500,99.8,63196.64,0,508223.9,50.75,2080.75,134000.3,118963.8,0.8878,117265,0.985720026,0.875109981,28.66,28.6,2183.25,102.5,,1
662,,11-08-2025 03:22,anonymous,,,07-11-2025,Syrup,3950,944950,54.5,1.85,12.9,120500,99.8,63196.64,0,390723.9,52.65,2079.675,133931.07,121898.55,0.9102,120259,0.986549881,0.897917115,30.51,30.45,2152.75,73.075,,1
661,,11-07-2025 03:28,anonymous,,,06-11-2025,Syrup,3700,882950,54.6,1.7,13.03,113700,99.8,63196.64,0,270223.9,52.9,1957.3,126050.12,115048.385,0.9127,113472.6,0.986303284,0.900218104,30.73,30.67,2020.2,62.9,,1
660,,11-06-2025 04:30,anonymous,,,05-11-2025,Syrup,3150,751950,54.6,1.7,13.03,96800,99.8,63196.64,0,444523.9,52.9,1666.35,107312.94,97979.085,0.913,96606.4,0.98599002,0.900230671,30.73,30.67,1719.9,53.55,,1
659,,11-05-2025 04:34,anonymous,,,04-11-2025,Syrup,3700,896750,55,1.7,13.03,115500,99.8,63196.64,0,347723.9,53.3,1972.1,127003.24,116846.525,0.92,115269,0.986499171,0.907606767,31.22,31.15,2035,62.9,,1
658,,11-04-2025 04:12,anonymous,,,03-11-2025,Syrup,3700,897750,55.5,2,13.02,115500,99.8,63392.38,0,232223.9,53.5,1979.5,127479.8,116887.05,0.9169,115269,0.986157149,0.904213844,31.22,31.15,2053.5,74,,1
657,,11-03-2025 05:01,anonymous,,,02-11-2025,Syrup,3700,897850,55.6,2,13.02,115500,99.8,63392.38,0,426723.9,53.6,1983.2,127718.08,116900.07,0.9153,115269,0.986047314,0.902526878,31.22,31.15,2057.2,74,,1
655,,11-03-2025 04:46,anonymous,,,31-10-2025,Syrup,4000,972250,55.6,2,13,125022.8,99.8,63392.38,0,186123.9,53.6,2144,138073.6,126392.5,0.9154,124772.7544,0.987184797,0.903668438,31.26,31.19,2224,80,,1
654,,11-03-2025 04:43,anonymous,,,30-10-2025,Syrup,2000,477950,55.6,2,13,61300,99.8,63392.38,0,61300,53.6,1072,69036.8,62133.5,0.9,61177.4,0.984612166,0.886156369,30.65,30.59,1112,40,,1
653,,10/30/2025 11:39,anonymous,,,29-10-2025,B Heavy,0,0,0,0,0,0,0,63392.38,0,39542,0,0,0,0,,0,,,,,0,0,,1
652,,10/29/2025 10:43,anonymous,,,28-10-2025,B Heavy,0,0,0,0,0,0,0,63392.38,0,39542,0,0,0,0,,0,,,,,0,0,,1
644,,10/28/2025 10:44,anonymous,,,27-10-2025,B Heavy,0,0,0,0,0,0,0,63392.38,0,39542,0,0,0,0,,0,,,,,0,0,,1
645,,10/28/2025 10:45,anonymous,,,26-10-2025,B Heavy,0,0,0,0,0,0,0,63392.38,0,39542,0,0,0,0,,0,,,,,0,0,,1
646,,10/28/2025 10:45,anonymous,,,25-10-2025,B Heavy,0,0,0,0,0,0,0,63392.38,0,39542,0,0,0,0,,0,,,,,0,0,,1
647,,10/28/2025 10:46,anonymous,,,24-10-2025,B Heavy,0,0,0,0,0,0,0,63392.38,0,39542,0,0,0,0,,0,,,,,0,0,,1
650,,10/28/2025 10:47,anonymous,,,23-10-2025,B Heavy,0,0,0,0,0,0,0,63392.38,0,39542,0,0,0,0,,0,,,,,0,0,,1
643,,10/23/2025 8:34,anonymous,,,22-10-2025,B Heavy,0,0,0,0,0,0,0,63392.38,0,368542,0,0,0,0,,0,,,,,0,0,,1
651,,10/28/2025 10:48,anonymous,,,21-10-2025,B Heavy,0,0,0,0,0,0,0,63392.8,0,39542,0,0,0,0,,0,,,,,0,0,,1
642,,10/21/2025 11:19,anonymous,,,20-10-2025,B Heavy,0,0,0,0,0,0,0,28092.38,0,368542,0,0,0,0,,0,,,,,0,0,,1
641,,10/21/2025 11:18,anonymous,,,19-10-2025,B Heavy,1200,280250,52.5,3.68,12.24,33967.6,99.8,28092.38,0,368542,48.82,585.84,37728.096,34302.6,0.9092,33899.6648,0.988253508,0.898525725,28.31,28.25,630,44.16,,2
640,,10/19/2025 11:06,anonymous,,,18-10-2025,B Heavy,3700,861450,52.5,3.68,12.24,104300,99.8,64592.38,0,334574.4,48.82,1806.34,116328.296,105441.48,0.9064,104091.4,0.987195931,0.894807227,28.19,28.13,1942.5,136.16,,1
639,,10/18/2025 10:14,anonymous,,,17-10-2025,B Heavy,3700,861450,52.5,3.68,12.24,104300,99.8,68292.38,0,230274.4,48.82,1806.34,116328.296,105441.48,0.9064,104091.4,0.987195931,0.894807227,28.19,28.13,1942.5,136.16,,1
635,,10/17/2025 10:20,anonymous,,,16-10-2025,B Heavy,2600,604100,52.5,3.68,12.24,73100,99.8,71992.38,0,125974.4,48.82,1269.32,81744.208,73941.84,0.9046,72953.8,0.986637606,0.892464454,28.12,28.06,1365,95.68,,1
636,,10/17/2025 10:25,anonymous,,,15-10-2025,B Heavy,2900,672400,52.5,3.68,12.25,81400,99.8,74592.38,0,363874.4,48.82,1415.78,91176.232,82369,0.9034,81237.2,0.986259394,0.890990977,28.07,28.01,1522.5,106.72,,1
637,,10/17/2025 10:27,anonymous,,,14-10-2025,B Heavy,2900,674400,52.5,3.66,12.25,81700,99.8,77492.38,0,506474.4,48.84,1416.36,91213.584,82614,0.9057,81536.6,0.986958627,0.893908521,28.17,28.12,1522.5,106.14,,1
638,,10/17/2025 10:29,anonymous,,,13-10-2025,B Heavy,1800,417250,52.5,3.66,12.25,50500,99.8,80392.38,0,424774.4,48.84,879.12,56615.328,51113.125,0.9028,50399,0.98602854,0.890200618,28.06,28,945,65.88,,1
634,,10-10-2025 10:27,anonymous,,,09-10-2025,B Heavy,0,0,0,0,0,0,0,84392.38,0,576174.4,0,0,0,0,,0,,,,,0,0,,1
633,,10-09-2025 10:24,anonymous,,,08-10-2025,B Heavy,0,0,0,0,0,0,0,84392.38,0,576174.4,0,0,0,0,,0,,,,,0,0,,1
632,,10-08-2025 10:09,anonymous,,,07-10-2025,B Heavy,0,0,0,0,0,0,0,84392.38,0,814174.4,0,0,0,0,,0,,,,,0,0,,1
631,,10-07-2025 10:25,anonymous,,,06-10-2025,B Heavy,0,0,0,0,0,0,0,84392.38,0,1262174.4,0,0,0,0,,0,,,,,0,0,,1
630,,10-06-2025 10:23,anonymous,,,05-10-2025,B Heavy,0,0,0,0,0,0,0,84186.78,0,1726174.4,0,0,0,0,,0,,,,,0,0,,1
629,,10-05-2025 10:34,anonymous,,,04-10-2025,B Heavy,0,0,0,0,0,0,0,84186.78,0,1726174.4,0,0,0,0,,0,,,,,0,0,,1
628,,10-04-2025 11:28,anonymous,,,03-10-2025,B Heavy,750,174450,52.5,3.65,12.24,21100,99.8,85274.38,0,1726174.4,48.85,366.375,23594.55,21352.68,0.905,21057.8,0.986190024,0.892485765,28.13,28.08,393.75,27.375,,1
627,,10-03-2025 11:48,anonymous,,,02-10-2025,B Heavy,2850,664600,52.5,3.65,12.24,80500,99.8,82599.18,0,1705074.4,48.85,1392.225,89659.29,81347.04,0.9073,80339,0.987608154,0.896047693,28.25,28.19,1496.25,104.025,,1
626,,10-02-2025 12:04,anonymous,,,01-10-2025,B Heavy,2850,664700,52.5,3.65,12.24,80400,99.8,85449.18,0,1624574.4,48.85,1392.225,89659.29,81359.28,0.9074,80239.2,0.986232917,0.894934591,28.21,28.15,1496.25,104.025,,1
625,,10-01-2025 12:18,anonymous,,,30-09-2025,B Heavy,3250,760750,52.5,3.65,12.24,92014.6,99.8,86951.78,0,1544174.4,48.85,1587.625,102243.05,93115.8,0.9107,91830.5708,0.986197517,0.89815954,28.31,28.26,1706.25,118.625,,1
624,,9/30/2025 10:36,anonymous,,,29-09-2025,B Heavy,3150,736750,52.5,3.65,12.24,89100,99.8,90197.75,0,1454961,48.85,1538.775,99097.11,90178.2,0.91,88921.8,0.986067586,0.897319811,28.29,28.23,1653.75,114.975,,1
623,,9/29/2025 14:20,anonymous,,,28-09-2025,B Heavy,90600,748450,52.5,3.62,12.25,90600,99.8,91140.15,0,1365861,48.88,44285.28,2851972.032,91685.125,0.0321,90418.8,0.986188327,0.031703957,1,1,47565,3279.72,,1
622,,9/29/2025 14:17,anonymous,,,27-09-2025,B Heavy,3150,736750,52.5,3.62,12.25,89200,99.8,93651.95,0,1275261,48.88,1539.72,99157.968,90251.875,0.9102,89021.6,0.986368427,0.897775557,28.32,28.26,1653.75,114.03,,1
621,,9/27/2025 11:12,anonymous,,,26-09-2025,B Heavy,3200,750700,52.6,3.62,12.24,90800,99.8,95565.15,0,1186061,48.98,1567.36,100937.984,91885.68,0.9103,90618.4,0.986208079,0.897763126,28.38,28.32,1683.2,115.84,,1
620,,9/26/2025 10:17,anonymous,,,25-09-2025,B Heavy,3700,869100,52.7,3.58,12.26,105400,99.8,97943.15,0,1338261,49.12,1817.44,117043.136,106551.66,0.9104,105189.2,0.987213151,0.898721647,28.49,28.43,1949.9,132.46,,1
619,,9/25/2025 12:12,anonymous,,,24-09-2025,B Heavy,3700,866450,52.48,3.54,12.25,105000,99.8,101248.75,0,1232861,48.94,1810.78,116614.232,106140.125,0.9102,104790,0.987279787,0.898603869,28.38,28.32,1941.76,130.98,,1
618,,9/24/2025 10:43,anonymous,,,23-09-2025,B Heavy,3900,914950,52.48,3.54,12.25,110900,99.8,104948.75,0,1367861,48.94,1908.66,122917.704,112081.375,0.9118,110678.2,0.987480748,0.900425215,28.44,28.38,2046.72,138.06,,1
617,,9/23/2025 10:45,anonymous,,,22-09-2025,B Heavy,3450,807950,52.48,3.56,12.26,98000,99.8,108629.15,0,1256961,48.92,1687.74,108690.456,99054.67,0.9113,97804,0.987373942,0.899839817,28.41,28.35,1810.56,122.82,,1
616,,9/22/2025 11:01,anonymous,,,21-09-2025,B Heavy,3450,807800,52.48,3.56,12.26,98000,99.8,111396.15,0,1158961,48.92,1687.74,108690.456,99036.28,0.9112,97804,0.987557287,0.899839817,28.41,28.35,1810.56,122.82,,1
615,,9/21/2025 11:23,anonymous,,,20-09-2025,B Heavy,3300,770800,52.48,3.56,12.26,93400,99.8,114041.75,0,1060961,48.92,1614.36,103964.784,94500.08,0.909,93213.2,0.986382234,0.896584366,28.3,28.25,1731.84,117.48,,1
614,,9/20/2025 10:50,anonymous,,,19-09-2025,B Heavy,3200,743950,52.5,3.55,12.29,90500,99.8,116247.75,0,967561,48.95,1566.4,100876.16,91431.455,0.9064,90319,0.987832907,0.895345342,28.28,28.22,1680,113.6,,1
613,,9/19/2025 10:42,anonymous,,,18-09-2025,B Heavy,800,186750,52.5,3.52,12.29,22700,99.8,119447.75,0,877061,48.98,391.84,25234.496,22951.575,0.9095,22654.6,0.987060801,0.897763126,28.38,28.32,420,28.16,,1
612,,9/18/2025 10:16,anonymous,,,17-09-2025,B Heavy,0,0,0,0,0,0,0,118556.15,0,1198361,0,0,0,0,,0,,,,,0,0,,1
611,,9/17/2025 14:30,anonymous,,,16-09-2025,B Heavy,0,0,0,0,0,0,0,113215.15,0,1198361,0,0,0,0,,0,,,,,0,0,,1
610,,9/16/2025 10:40,anonymous,,,15-09-2025,B Heavy,2650,617850,52.5,3.52,12.29,75100,99.8,113215.15,0,1198361,48.98,1297.97,83589.268,75933.765,0.9084,74949.8,0.987041799,0.896643813,28.34,28.28,1391.25,93.28,,1
609,,9/15/2025 10:41,anonymous,,,14-09-2025,B Heavy,3900,912450,52.5,3.52,12.3,111000,99.8,113457.95,0,1123261,48.98,1910.22,123018.168,112231.35,0.9123,110778,0.98705041,0.900501136,28.46,28.4,2047.5,137.28,,1
608,,9/14/2025 11:30,anonymous,,,13-09-2025,B Heavy,1150,268750,52.5,3.52,12.3,32700,99.8,116057.35,0,1012261,48.98,563.27,36274.588,33056.25,0.9113,32634.6,0.98724447,0.899654601,28.43,28.38,603.75,40.48,,1
607,,9/13/2025 11:10,anonymous,,,12-09-2025,B Heavy,3550,832250,52.5,3.52,12.3,101200,99.8,113917.55,0,1139561,48.98,1738.79,111978.076,102366.75,0.9142,100997.6,0.986625052,0.901940841,28.51,28.45,1863.75,124.96,,1
606,,09-12-2025 10:29,anonymous,,,11-09-2025,B Heavy,3650,856500,52.5,3.48,12.3,104300,99.8,113936.55,0,1547361,49.02,1789.23,115226.412,105349.5,0.9143,104091.4,0.988057846,0.903364066,28.58,28.52,1916.25,127.02,,1
605,,09-11-2025 10:34,anonymous,,,10-09-2025,B Heavy,4150,973850,52.5,3.48,12.3,118500,99.8,116832.75,0,1443061,49.02,2034.33,131010.852,119783.55,0.9143,118263,0.987305853,0.902696213,28.55,28.5,2178.75,144.42,,1
604,,09-10-2025 10:07,anonymous,,,09-09-2025,B Heavy,4100,963100,52.5,3.48,12.26,116800,99.8,118427.55,0,1634561,49.02,2009.82,129432.408,118076.06,0.9123,116566.4,0.987214512,0.900596704,28.49,28.43,2152.5,142.68,,0
603,,09-09-2025 10:23,anonymous,,,08-09-2025,B Heavy,4100,963200,52.5,3.48,12.25,116800,99.8,117647.55,0,1517761,49.02,2009.82,129432.408,117992,0.9116,116566.4,0.987917825,0.900596704,28.49,28.43,2152.5,142.68,,1
602,,09-08-2025 09:29,anonymous,,,07-09-2025,B Heavy,4050,950200,53.13,3.78,12.25,115000,99.8,118104.9,0,1400961,49.35,1998.675,128714.67,116399.5,0.9043,114770,0.986000799,0.891662155,28.4,28.34,2151.765,153.09,,1
601,,09-07-2025 10:24,anonymous,,,06-09-2025,B Heavy,4000,949000,53.2,3.64,12.25,115000,99.8,111636.75,0,1285961,49.56,1982.4,127666.56,116252.5,0.9106,114770,0.987247586,0.898982474,28.75,28.69,2128,145.6,,1
600,,09-06-2025 11:43,anonymous,,,05-09-2025,B Heavy,4050,960550,53.2,3.64,12.26,116500,99.8,112585.95,0,1170961,49.56,2007.18,129262.392,117763.43,0.911,116267,0.987292914,0.89946502,28.77,28.71,2154.6,147.42,,1
599,,09-05-2025 10:37,anonymous,,,04-09-2025,B Heavy,4100,972450,53.2,3.64,12.26,118000,99.8,114588.95,0,1054461,49.56,2031.96,130858.224,119222.37,0.9111,117764,0.987767648,0.899935796,28.78,28.72,2181.2,149.24,,1
598,,09-04-2025 10:51,anonymous,,,03-09-2025,B Heavy,4150,984350,53.2,3.64,12.26,119400,99.8,116323.05,0,1211461,49.56,2056.74,132454.056,120681.31,0.9111,119161.2,0.987403932,0.89964176,28.77,28.71,2207.8,151.06,,1
597,,09-03-2025 10:31,anonymous,,,02-09-2025,B Heavy,4150,986400,53.2,3.62,12.24,119400,99.8,120473.05,0,1092061,49.58,2057.57,132507.508,120735.36,0.9112,119161.2,0.986961897,0.899278854,28.77,28.71,2207.8,150.23,,1
596,,09-02-2025 10:36,anonymous,,,01-09-2025,B Heavy,4150,986500,53.2,3.62,12.24,119400,99.8,124623.02,0,972661,49.58,2057.57,132507.508,120747.6,0.9113,119161.2,0.986861851,0.899278854,28.77,28.71,2207.8,150.23,,0
566,,08-01-2025 11:19,anonymous,,,31-08-2025,B Heavy,0,0,0,0,0,0,0,183018.02,0,905978.2,0,0,0,0,,0,,,,,0,0,,1
594,,8/31/2025 11:19,anonymous,,,30-08-2025,B Heavy,3600,854100,53.2,3.58,12.26,103500,99.8,125268.02,0,742478.7,49.62,1786.32,115039.008,104712.66,0.9102,103293,0.986442327,0.897895434,28.75,28.69,1915.2,128.88,,1
593,,8/30/2025 11:16,anonymous,,,29-08-2025,B Heavy,3900,925450,53.2,3.3,12.28,112300,99.8,122368.02,0,828978.7,49.9,1946.1,125328.84,113645.26,0.9068,112075.4,0.986186313,0.894250677,28.79,28.74,2074.8,128.7,,1
592,,8/29/2025 10:34,anonymous,,,28-08-2025,B Heavy,3950,978250,53.8,2.3,12.3,119000,99.8,125068.02,0,716678.7,51.5,2034.25,131005.7,120324.75,0.9185,118762,0.987012231,0.906540708,30.13,30.07,2125.1,90.85,,1
591,,8/28/2025 10:20,anonymous,,,27-08-2025,B Heavy,4000,989550,53.8,2.3,12.3,120500,99.8,127718.02,0,697678.7,51.5,2060,132664,121714.65,0.9175,120259,0.98804047,0.906493095,30.13,30.06,2152,92,,1
590,,8/27/2025 10:29,anonymous,,,26-08-2025,B Heavy,4000,991350,53.8,2.3,12.28,120500,99.8,131708.02,0,867178.7,51.5,2060,132664,121737.78,0.9176,120259,0.987852744,0.906493095,30.13,30.06,2152,92,,1
589,,8/26/2025 10:21,anonymous,,,25-08-2025,B Heavy,4000,991250,53.83,2.32,12.28,120500,99.8,132718.02,0,746678.7,51.51,2060.4,132689.76,121725.5,0.9174,120259,0.987952401,0.906317111,30.13,30.06,2153.2,92.8,,1
588,,8/25/2025 10:10,anonymous,,,24-08-2025,B Heavy,4000,992750,53.83,2.32,12.26,120500,99.8,136718.02,0,626178.7,51.51,2060.4,132689.76,121711.15,0.9173,120259,0.988068883,0.906317111,30.13,30.06,2153.2,92.8,,1
587,,8/24/2025 12:22,anonymous,,,23-08-2025,B Heavy,4000,994200,53.83,2.32,12.24,120500,99.8,140718.02,0,505678.7,51.51,2060.4,132689.76,121690.08,0.9171,120259,0.988239962,0.906317111,30.13,30.06,2153.2,92.8,,1
586,,8/22/2025 10:49,anonymous,,,21-08-2025,B Heavy,4000,991450,53.85,2.28,12.28,120500,99.8,118618.02,0,592678.7,51.57,2062.8,132844.32,121750.06,0.9165,120259,0.987753107,0.905262641,30.13,30.06,2154,91.2,,1
585,,8/21/2025 10:59,anonymous,,,20-08-2025,B Heavy,2400,595050,53.85,2.28,12.28,72300,99.8,122618.02,0,472178.7,51.57,1237.68,79706.592,73072.14,0.9168,72155.4,0.987454316,0.905262641,30.13,30.06,1292.4,54.72,,1
584,,8/20/2025 11:06,anonymous,,,19-08-2025,B Heavy,3000,743250,53.85,2.28,12.28,90300,99.8,125018.02,0,399878.7,51.57,1547.1,99633.24,91271.1,0.9161,90119.4,0.987381548,0.904511386,30.1,30.04,1615.5,68.4,,1
582,,8/19/2025 10:32,anonymous,,,18-08-2025,B Heavy,3950,982550,53.85,2.27,12.24,119000,98.8,123018.02,0,613578.7,51.58,2037.41,131209.204,120264.12,0.9166,117572,0.977614936,0.896065188,30.13,29.77,2127.075,89.665,,1
583,,8/19/2025 10:33,anonymous,,,17-08-2025,B Heavy,3950,982500,53.85,2.27,12.24,119000,99.8,126968.02,0,494578.7,51.58,2037.41,131209.204,120258,0.9165,118762,0.987560079,0.905134673,30.13,30.07,2127.075,89.665,,1
581,,8/17/2025 11:35,anonymous,,,16-08-2025,B Heavy,3900,975000,54,2.25,12.22,117900,99.8,159018.02,0,375578.7,51.75,2018.25,129975.3,119145,0.9167,117664.2,0.987571447,0.905281234,30.23,30.17,2106,87.75,,1
580,,8/16/2025 11:35,anonymous,,,15-08-2025,B Heavy,3900,975100,54,2.25,12.22,117900,99.8,162918.02,0,257618.7,51.75,2018.25,129975.3,119157.22,0.9168,117664.2,0.987470168,0.905281234,30.23,30.17,2106,87.75,,1
579,,8/15/2025 11:10,anonymous,,,14-08-2025,B Heavy,3900,975150,54,2.25,12.22,117900,99.8,166818.02,0,139778.7,51.75,2018.25,129975.3,119163.33,0.9168,117664.2,0.987419536,0.905281234,30.23,30.17,2106,87.75,,1
578,,8/14/2025 10:53,anonymous,,,13-08-2025,B Heavy,3900,974950,54,2.2,12.2,117900,99.8,170718.02,0,256878.7,51.8,2020.2,130100.88,118943.9,0.9142,117664.2,0.989241146,0.904407411,30.23,30.17,2106,85.8,,1
804,,04-09-2026 05:21,anonymous,,,12-08-2025,B Heavy,4000,976750,54.5,2.18,12.8,123800,99.8,213816.57,0,742680.5,52.32,2092.8,134776.32,125024,0.9276,123552.4,0.98822946,0.916721869,30.95,30.89,2180,87.2,,1
576,,08-12-2025 11:10,anonymous,,,11-08-2025,B Heavy,3800,953350,54,2.1,12.2,115100,99.8,178418.02,0,263878.7,51.9,1972.2,127009.68,116308.7,0.9157,114869.8,0.987628612,0.904417679,30.29,30.23,2052,79.8,,1
575,,08-11-2025 10:59,anonymous,,,10-08-2025,B Heavy,3800,953250,54,2.15,12.2,115100,99.8,182218.02,0,396778.7,51.85,1970.3,126887.32,116296.5,0.9165,114869.8,0.987732219,0.905289827,30.29,30.23,2052,81.7,,1
574,,08-10-2025 12:20,anonymous,,,09-08-2025,B Heavy,3750,939200,54,2.15,12.22,113600,99.8,186118.02,0,281678.7,51.85,1944.375,125217.75,114770.24,0.9166,113372.8,0.987824021,0.905405184,30.29,30.23,2025,80.625,,1
573,,08-09-2025 11:55,anonymous,,,08-08-2025,B Heavy,3650,914950,54,2.1,12.22,110600,99.8,189768.02,0,168078.7,51.9,1894.35,121996.14,111806.89,0.9165,110378.8,0.987227174,0.904772889,30.3,30.24,1971,76.65,,1
572,,08-08-2025 11:15,anonymous,,,07-08-2025,B Heavy,250,62000,54,2.1,12.24,7500,99.8,193418.02,0,57478.7,51.9,129.75,8355.9,7588.8,0.9082,7485,0.986321948,0.895774243,30,29.94,135,5.25,,1
571,,08-07-2025 10:17,anonymous,,,06-08-2025,B Heavy,0,0,0,0,0,0,0,183668.02,0,428978.7,0,0,0,0,,0,,,,,0,0,,1
570,,08-06-2025 10:43,anonymous,,,05-08-2025,B Heavy,0,0,0,0,0,0,0,183668.02,0,428978.7,0,0,0,0,,0,,,,,0,0,,1
569,,08-05-2025 11:50,anonymous,,,04-08-2025,B Heavy,700,174350,54,2.1,12.25,21100,99.8,183668.02,0,703978.7,51.9,363.3,23396.52,21357.875,0.9129,21057.8,0.985950147,0.900039835,30.14,30.08,378,14.7,,1
567,,08-02-2025 12:26,anonymous,,,01-08-2025,B Heavy,0,0,0,0,0,0,0,183018.02,0,905978.2,0,0,0,0,,0,,,,,0,0,,1
565,,7/30/2025 10:30,anonymous,,,29-07-2025,B Heavy,0,0,0,0,0,0,0,184899.73,0,907557.9,0,0,0,0,,0,,,,,0,0,,1
564,,7/29/2025 19:48,anonymous,,,28-07-2025,B Heavy,0,0,0,0,0,0,0,180599.73,0,907557.9,0,0,0,0,,0,,,,,0,0,,1
562,,7/28/2025 11:18,anonymous,,,27-07-2025,B Heavy,1900,479250,54.2,1.9,12.26,58177.9,99.8,176599.73,0,907557.9,52.3,993.7,63994.28,58756.05,0.9181,58061.5442,0.988179842,0.907292717,30.62,30.56,1029.8,36.1,,1
561,,7/27/2025 10:57,anonymous,,,26-07-2025,B Heavy,3800,955850,54.2,1.98,12.26,116000,99.8,178499.73,0,849380,52.22,1984.36,127792.784,117187.21,0.917,115768,0.987889378,0.905904045,30.53,30.47,2059.6,75.24,,1
560,,7/25/2025 10:11,anonymous,,,24-07-2025,B Heavy,3800,954350,54.2,1.98,12.28,116000,99.8,184399.73,0,617380,52.22,1984.36,127792.784,117194.18,0.9171,115768,0.987830624,0.905904045,30.53,30.47,2059.6,75.24,,1
559,,7/24/2025 10:59,anonymous,,,23-07-2025,B Heavy,3800,952750,54.2,1.98,12.3,116000,99.8,184699.73,0,501380,52.22,1984.36,127792.784,117188.25,0.917,115768,0.987880611,0.905904045,30.53,30.47,2059.6,75.24,,1
558,,7/22/2025 10:47,anonymous,,,21-07-2025,B Heavy,3800,954350,54.2,1.94,12.3,116200,99.8,190799.73,0,269180,52.26,1985.88,127890.672,117385.05,0.9179,115967.6,0.987924783,0.906771371,30.58,30.52,2059.6,73.72,,1
557,,7/21/2025 10:45,anonymous,,,20-07-2025,B Heavy,3700,929300,54.5,1.92,12.3,113100,99.8,190599.73,0,441980,52.58,1945.46,125287.624,114303.9,0.9123,112873.8,0.987488616,0.900917396,30.57,30.51,2016.5,71.04,,0
556,,7/20/2025 11:06,anonymous,,,19-07-2025,B Heavy,3500,878300,54.2,1.92,12.32,107100,99.8,194299.73,0,328880,52.28,1829.8,117839.12,108206.56,0.9183,106885.8,0.987794086,0.907048525,30.6,30.54,1897,67.2,,1
555,,7/19/2025 10:29,anonymous,,,18-07-2025,B Heavy,3500,878350,54.2,1.9,12.32,107100,99.8,193799.73,0,221780,52.3,1830.5,117884.2,108212.72,0.918,106885.8,0.987737856,0.906701661,30.6,30.54,1897,66.5,,1
554,,7/18/2025 10:50,anonymous,,,17-07-2025,B Heavy,3400,853050,54.2,1.9,12.32,104000,99.8,191299.73,0,114680,52.3,1778.2,114516.08,105095.76,0.9177,103792,0.987594552,0.906353064,30.59,30.53,1842.8,64.6,,1
553,,7/17/2025 11:11,anonymous,,,16-07-2025,B Heavy,3500,899050,54.45,1.3,12.36,110000,99.8,191699.73,0,244680,53.15,1860.25,119800.1,111122.58,0.9276,109780,0.987918027,0.916359836,31.43,31.37,1905.75,45.5,,1
552,,7/16/2025 10:22,anonymous,,,15-07-2025,B Heavy,3700,949650,54.45,1.34,12.36,116200,99.8,195199.73,0,134680,53.11,1965.07,126550.508,117376.74,0.9275,115967.6,0.987994725,0.916374038,31.41,31.34,2014.65,49.58,,1
551,,7/15/2025 10:47,anonymous,,,14-07-2025,B Heavy,3700,348200,54.45,1.32,12.38,166200,99.8,197899.73,0,253480,53.13,1965.81,126598.164,43107.16,0.3405,165867.6,3.847796979,1.310189617,44.92,44.83,2014.65,48.84,,1
550,,7/14/2025 9:57,anonymous,,,13-07-2025,B Heavy,3700,948250,54.45,1.32,12.38,116200,99.8,201599.73,0,376280,53.13,1965.81,126598.164,117393.35,0.9273,115967.6,0.987854934,0.916029082,31.41,31.34,2014.65,48.84,,1
549,,07-12-2025 16:53,anonymous,,,11-07-2025,B Heavy,3700,950600,54.6,1.32,12.39,116600,99.8,201999.73,0,143480,53.28,1971.36,126955.584,117779.34,0.9277,116366.8,0.988006895,0.916594578,31.51,31.45,2020.2,48.84,,1
548,,07-11-2025 11:12,anonymous,,,10-07-2025,B Heavy,3700,950550,54.6,1.32,12.39,116600,99.8,205699.73,0,301880,53.28,1971.36,126955.584,117773.145,0.9277,116366.8,0.988058865,0.916594578,31.51,31.45,2020.2,48.84,,1
547,,07-10-2025 11:24,anonymous,,,09-07-2025,B Heavy,3700,951350,54.6,1.32,12.38,116600,99.8,209399.73,0,185280,53.28,1971.36,126955.584,117777.13,0.9277,116366.8,0.988025434,0.916594578,31.51,31.45,2020.2,48.84,,1
546,,07-09-2025 11:12,anonymous,,,08-07-2025,B Heavy,3700,951250,54.6,1.32,12.38,116600,99.8,205099.73,0,251680,53.28,1971.36,126955.584,117764.75,0.9276,116366.8,0.9881293,0.916594578,31.51,31.45,2020.2,48.84,,1
545,,07-08-2025 14:43,anonymous,,,07-07-2025,B Heavy,3700,952200,54.6,1.3,12.37,11600,99.8,200799.73,0,135080,53.3,1972.1,127003.24,117787.14,0.9274,11576.8,0.098285772,0.09115358,3.14,3.13,2020.2,48.1,,1
544,,07-07-2025 09:49,anonymous,,,06-07-2025,B Heavy,3700,952150,54.6,1.3,12.37,116600,99.8,196499.73,0,523480,53.3,1972.1,127003.24,117780.955,0.9274,116366.8,0.987993347,0.916250641,31.51,31.45,2020.2,48.1,,1
543,,07-06-2025 10:54,anonymous,,,05-07-2025,B Heavy,3700,950750,54.6,1.3,12.39,116600,99.8,194199.73,0,406880,53.3,1972.1,127003.24,117797.925,0.9275,116366.8,0.987851017,0.916250641,31.51,31.45,2020.2,48.1,,1
542,,07-05-2025 10:28,anonymous,,,04-07-2025,B Heavy,3700,948250,54.6,1.3,12.42,116600,99.8,189899.73,0,290280,53.3,1972.1,127003.24,117772.65,0.9273,116366.8,0.988063018,0.916250641,31.51,31.45,2020.2,48.1,,1
541,,07-04-2025 10:45,anonymous,,,03-07-2025,B Heavy,3700,948350,54.6,1.3,12.42,116600,99.8,185599.73,0,173680,53.3,1972.1,127003.24,117785.07,0.9274,116366.8,0.98795883,0.916250641,31.51,31.45,2020.2,48.1,,1
540,,07-03-2025 10:52,anonymous,,,02-07-2025,B Heavy,3500,896950,54.6,1.3,12.42,110300,99.8,181299.73,0,247080,53.3,1865.5,120138.2,111401.19,0.9273,110079.4,0.988134866,0.916273092,31.51,31.45,1911,45.5,,1
539,,07-02-2025 11:11,anonymous,,,01-07-2025,B Heavy,3700,949850,54.6,1.3,12.4,116600,99.8,176799.73,0,136780,53.3,1972.1,127003.24,117781.4,0.9274,116366.8,0.987989615,0.916250641,31.51,31.45,2020.2,48.1,,1
538,,6/30/25 4:25:48,anonymous,,,29-06-2025,B Heavy,3700,949750,54.62,1.32,12.4,116600,99.8,173363.87,0,386905.1,53.3,1972.1,127003.24,117769,0.9273,116366.8,0.988093641,0.916250641,31.51,31.45,2020.94,48.84,,1
537,,6/29/25 6:32:27,anonymous,,,28-06-2025,B Heavy,3700,947250,54.6,1.32,12.43,116600,99.8,177063.87,0,270305.1,53.28,1971.36,126955.584,117743.175,0.9274,116366.8,0.988310363,0.916594578,31.51,31.45,2020.2,48.84,,1
536,,6/28/25 5:28:45,anonymous,,,27-06-2025,B Heavy,3700,949500,54.73,1.3,12.43,116800,99.8,180763.87,0,153705.1,53.43,1976.91,127313.004,118022.85,0.927,116566.4,0.987659593,0.91558911,31.57,31.5,2025.01,48.1,,2
535,,6/27/25 4:43:14,anonymous,,,26-06-2025,B Heavy,3700,949650,54.73,1.3,12.43,116800,99.8,184463.87,0,345905.1,53.43,1976.91,127313.004,118041.495,0.9272,116566.4,0.987503589,0.91558911,31.57,31.5,2025.01,48.1,,1
534,,6/26/25 4:45:10,anonymous,,,25-06-2025,B Heavy,3700,950600,54.73,1.28,12.42,116800,99.8,188163.87,0,229105.1,53.45,1977.65,127360.66,118064.52,0.927,116566.4,0.987311006,0.915246513,31.57,31.5,2025.01,47.36,,1
533,,6/25/25 4:48:26,anonymous,,,24-06-2025,B Heavy,3700,950700,54.73,1.28,12.42,116900,99.8,189863.87,0,307305.1,53.45,1977.65,127360.66,118076.94,0.9271,116666.2,0.988052367,0.916030115,31.59,31.53,2025.01,47.36,,1
532,,6/24/25 5:26:49,anonymous,,,23-06-2025,B Heavy,3600,924400,54.73,1.28,12.43,113800,99.8,187563.87,0,190405.1,53.45,1924.2,123918.48,114902.92,0.9272,113572.4,0.988420486,0.916508982,31.61,31.55,1970.28,46.08,,2
531,,6/23/25 5:17:49,anonymous,,,22-06-2025,B Heavy,3500,897200,54.73,1.28,12.45,110600,99.8,185163.87,0,678605.1,53.45,1870.75,120476.3,111701.4,0.9272,110378.8,0.988159504,0.916186835,31.6,31.54,1915.55,44.8,,2
530,,6/22/25 5:41:55,anonymous,,,21-06-2025,B Heavy,3500,897200,54.73,1.28,12.45,110600,99.8,184663.87,0,568005.1,53.45,1870.75,120476.3,111701.4,0.9272,110378.8,0.988159504,0.916186835,31.6,31.54,1915.55,44.8,,1
529,,6/22/25 5:40:05,anonymous,,,20-06-2025,B Heavy,3400,872300,54.75,1.26,12.45,107500,99.8,182163.87,0,457405.1,53.49,1818.66,117121.704,108601.35,0.9273,107285,0.987879064,0.916012971,31.62,31.55,1861.5,42.84,,1
528,,6/20/25 6:20:15,anonymous,,,19-06-2025,B Heavy,3200,101200,54.75,1.26,12.46,101200,99.8,179563.87,0,349905.1,53.49,1711.68,110232.192,12609.52,0.1144,100997.6,8.009630819,0.916225997,31.63,31.56,1752,40.32,,1
527,,6/19/25 5:41:14,anonymous,,,18-06-2025,B Heavy,3200,818900,54.75,1.28,12.46,101000,99.8,175763.87,0,248705.1,53.47,1711.04,110190.976,102034.94,0.926,100798,0.98787729,0.914757303,31.56,31.5,1752,40.96,,1
526,,6/17/25 4:54:40,anonymous,,,16-06-2025,B Heavy,3800,975250,54.75,1.25,12.45,120200,99.8,176763.87,0,492505.1,53.5,2033,130925.2,121418.625,0.9274,119959.6,0.987983516,0.916245306,31.63,31.57,2080.5,47.5,,1
525,,6/16/25 5:18:31,anonymous,,,15-06-2025,B Heavy,3800,975100,54.75,1.25,12.45,120200,99.8,180563.87,0,372305.1,53.5,2033,130925.2,121399.95,0.9272,119959.6,0.988135498,0.916245306,31.63,31.57,2080.5,47.5,,1
524,,6/15/25 5:01:54,anonymous,,,14-06-2025,B Heavy,3800,975200,54.75,1.25,12.45,120200,99.8,184363.87,0,252105.1,53.5,2033,130925.2,121412.4,0.9273,119959.6,0.988034171,0.916245306,31.63,31.57,2080.5,47.5,,1
523,,6/14/25 5:55:34,anonymous,,,13-06-2025,B Heavy,3850,989100,54.8,1.2,12.46,122000,99.8,186163.87,0,131905.1,53.6,2063.6,132895.84,123241.86,0.9274,121756,0.987943545,0.916176157,31.69,31.62,2109.8,46.2,,1
521,,06-12-2025 04:52,anonymous,,,11-06-2025,B Heavy,3850,989900,54.8,1.16,12.46,122100,99.8,185363.87,0,151905.1,53.64,2065.14,132995.016,123341.54,0.9274,121855.8,0.987954261,0.916243358,31.71,31.65,2109.8,44.66,,1
519,,06-09-2025 07:59,anonymous,,,08-06-2025,B Heavy,3850,990500,54.8,1.17,12.45,122100,99.8,191613.87,0,513605.1,53.63,2064.755,132970.222,123317.25,0.9274,121855.8,0.98814886,0.916414203,31.71,31.65,2109.8,45.045,,1
518,,06-08-2025 05:55,anonymous,,,07-06-2025,B Heavy,3850,990650,54.8,1.17,12.45,122100,99.8,195463.87,0,391505.1,53.63,2064.755,132970.222,123335.925,0.9275,121855.8,0.987999239,0.916414203,31.71,31.65,2109.8,45.045,,1
517,,06-07-2025 05:03,anonymous,,,06-06-2025,B Heavy,3800,977550,54.8,1.18,12.45,120500,99.8,199313.87,0,269405.1,53.62,2037.56,131218.864,121704.975,0.9275,120259,0.988119015,0.91647646,31.71,31.65,2082.4,44.84,,2
515,,06-06-2025 07:46,anonymous,,,05-06-2025,B Heavy,3800,977500,54.8,1.18,12.45,120500,99.8,200913.87,0,148905.1,53.62,2037.56,131218.864,121698.75,0.9274,120259,0.988169558,0.91647646,31.71,31.65,2082.4,44.84,,1
516,,06-06-2025 07:48,anonymous,,,04-06-2025,B Heavy,3800,976900,54.8,1.18,12.46,120500,99.8,197713.87,0,338405.1,53.62,2037.56,131218.864,121721.74,0.9276,120259,0.987982919,0.91647646,31.71,31.65,2082.4,44.84,,1
520,,06-11-2025 05:59,anonymous,,,03-06-2025,B Heavy,3850,989900,54.8,1.16,12.46,122100,99.8,186113.87,0,263805.1,53.64,2065.14,132995.016,123341.54,0.9274,121855.8,0.987954261,0.916243358,31.71,31.65,2109.8,44.66,,1
513,,06-03-2025 05:16,anonymous,,,02-06-2025,B Heavy,3800,976850,54.8,1.19,12.46,120500,99.8,196313.87,0,447405.1,53.61,2037.18,131194.392,121715.51,0.9277,120259,0.988033489,0.916647413,31.71,31.65,2082.4,45.22,,1
512,,06-02-2025 08:21,anonymous,,,01-06-2025,B Heavy,3800,977950,54.95,1.19,12.46,120700,99.8,192113.87,0,326905.1,53.76,2042.88,131561.472,121852.57,0.9262,120458.6,0.988560192,0.915606964,31.76,31.7,2088.1,45.22,,1
511,,06-02-2025 08:19,anonymous,,,31-05-2025,B Heavy,3800,977950,55.1,1.18,12.5,121213.5,99.8,190343.87,0,206205.1,53.92,2048.96,131953.024,122243.75,0.9264,120971.073,0.989589022,0.916773783,31.9,31.83,2093.8,44.84,,1
510,,5/31/25 4:58:10,anonymous,,,30-05-2025,B Heavy,3800,979400,55.1,1.18,12.5,121200,99.8,186466.51,0,323412.4,53.92,2048.96,131953.024,122425,0.9278,120957.6,0.988013886,0.916671679,31.89,31.83,2093.8,44.84,,1
509,,5/30/25 4:53:32,anonymous,,,29-05-2025,B Heavy,3800,979350,55.1,1.18,12.5,121200,99.8,190186.71,0,202212.4,53.92,2048.96,131953.024,122418.75,0.9277,120957.6,0.988064328,0.916671679,31.89,31.83,2093.8,44.84,,0
508,,5/29/25 4:41:11,anonymous,,,28-05-2025,B Heavy,3800,979450,55.1,1.18,12.5,121200,99.8,193584.31,0,306012.4,53.92,2048.96,131953.024,122431.25,0.9278,120957.6,0.987963449,0.916671679,31.89,31.83,2093.8,44.84,,0
507,,5/28/25 4:52:39,anonymous,,,27-05-2025,B Heavy,3800,985100,55.45,1.18,12.5,121900,99.8,194602.31,0,184812.4,54.27,2062.26,132809.544,123137.5,0.9272,121656.2,0.987970358,0.916020011,32.08,32.01,2107.1,44.84,,2
505,,5/27/25 5:12:04,anonymous,,,26-05-2025,B Heavy,3800,983400,55.45,1.21,12.52,121900,99.8,196993.71,0,516912.4,54.24,2061.12,132736.128,123121.68,0.9276,121656.2,0.988097303,0.91652666,32.08,32.01,2107.1,45.98,,1
506,,5/27/25 5:14:11,anonymous,,,25-05-2025,B Heavy,3800,983300,55.45,1.21,99.8,121900,99.8,197602.51,0,395012.4,54.24,2061.12,132736.128,981333.4,7.3931,121656.2,0.123970304,0.91652666,32.08,32.01,2107.1,45.98,,1
504,,5/25/25 5:39:35,anonymous,,,24-05-2025,B Heavy,3800,383350,55.45,1.21,12.52,121900,99.8,199864.51,0,273112.4,54.24,2061.12,132736.128,47995.42,0.3616,121656.2,2.534746024,0.91652666,32.08,32.01,2107.1,45.98,,1
503,,5/24/25 8:56:31,anonymous,,,23-05-2025,B Heavy,3800,984250,55.5,1.24,12.51,121900,99.8,199828.51,0,151212.4,54.26,2061.88,132785.072,123129.675,0.9273,121656.2,0.988033145,0.916188832,32.08,32.01,2109,47.12,,1
502,,5/23/25 11:28:40,anonymous,,,22-05-2025,B Heavy,3800,984200,55.5,1.24,12.51,121900,99.8,201278.91,0,288312.4,54.26,2061.88,132785.072,123123.42,0.9272,121656.2,0.988083339,0.916188832,32.08,32.01,2109,47.12,,1
501,,5/22/25 4:57:41,anonymous,,,21-05-2025,B Heavy,3800,982700,55.5,1.24,12.53,121900,99.8,199770.11,0,166412.4,54.26,2061.88,132785.072,123132.31,0.9273,121656.2,0.988012001,0.916188832,32.08,32.01,2109,47.12,,1
500,,5/21/25 4:55:18,anonymous,,,20-05-2025,B Heavy,3800,982750,55.5,1.24,12.53,121900,99.8,200082.91,0,319512.4,54.26,2061.88,132785.072,123138.575,0.9274,121656.2,0.987961733,0.916188832,32.08,32.01,2109,47.12,,1
499,,5/19/25 5:03:09,anonymous,,,18-05-2025,B Heavy,3850,996400,55.45,1.2,12.52,123500,99.8,203235.11,0,630112.4,54.25,2088.625,134507.45,124749.28,0.9275,123253,0.988005702,0.916328426,32.08,32.01,2134.825,46.2,,1
498,,5/19/25 5:01:59,anonymous,,,17-05-2025,B Heavy,3850,996350,55.45,1.2,12.52,123500,99.8,205182.11,0,506612.4,54.25,2088.625,134507.45,124743.02,0.9274,123253,0.988055284,0.916328426,32.08,32.01,2134.825,46.2,,1
497,,5/17/25 4:53:39,anonymous,,,16-05-2025,B Heavy,3900,1007700,55.45,1.18,12.54,125100,99.8,207092.71,0,897112.4,54.27,2116.53,136304.532,126365.58,0.9271,124849.8,0.988004803,0.915962207,32.08,32.01,2162.55,46.02,,1
496,,5/16/25 4:50:43,anonymous,,,15-05-2025,B Heavy,3900,1007650,55.45,1.18,12.54,125100,99.8,206779.11,0,772012.4,54.27,2116.53,136304.532,126359.31,0.927,124849.8,0.988053828,0.915962207,32.08,32.01,2162.55,46.02,,1
495,,5/15/25 4:45:27,anonymous,,,14-05-2025,B Heavy,3900,1007750,55.45,1.18,12.54,125100,99.8,206772.51,0,943912.4,54.27,2116.53,136304.532,126371.85,0.9271,124849.8,0.987955783,0.915962207,32.08,32.01,2162.55,46.02,,1
494,,5/14/25 4:57:03,anonymous,,,13-05-2025,B Heavy,3900,1008500,54.45,1.2,12.53,125100,99.8,206708.71,0,1370812.4,53.25,2076.75,133742.7,126365.05,0.9448,124849.8,0.988008947,0.933507399,32.08,32.01,2123.55,46.8,,1
493,,5/13/25 4:31:32,anonymous,,,12-05-2025,B Heavy,3900,1008550,55.45,1.2,12.53,125100,99.8,206379.41,0,1245712.4,54.25,2115.75,136254.3,126371.315,0.9275,124849.8,0.987959965,0.916299889,32.08,32.01,2162.55,46.8,,1
492,,05-12-2025 04:16,anonymous,,,11-05-2025,B Heavy,3900,1009100,54.25,1.2,12.52,125100,99.8,207525.61,0,1603612.4,53.05,2068.95,133240.38,126339.32,0.9482,124849.8,0.988210163,0.937026748,32.08,32.01,2115.75,46.8,,1
491,,05-10-2025 04:34,anonymous,,,09-05-2025,B Heavy,3900,1009200,55.45,1.2,12.52,125100,99.8,212627.41,0,1353412.4,54.25,2115.75,136254.3,126351.84,0.9273,124849.8,0.988112243,0.916299889,32.08,32.01,2162.55,46.8,,1
490,,05-09-2025 04:54,anonymous,,,08-05-2025,B Heavy,3900,1009250,55.45,1.2,12.52,125100,99.8,213026.41,0,1567312.4,54.25,2115.75,136254.3,126358.1,0.9274,124849.8,0.98806329,0.916299889,32.08,32.01,2162.55,46.8,,1
489,,05-08-2025 04:30,anonymous,,,07-05-2025,B Heavy,3900,1009350,55.45,1.2,12.52,125100,99.8,213724.21,0,1442212.4,54.25,2115.75,136254.3,126370.62,0.9275,124849.8,0.987965399,0.916299889,32.08,32.01,2162.55,46.8,,1
488,,05-07-2025 04:57,anonymous,,,06-05-2025,B Heavy,3900,1007550,55.45,1.2,12.54,125100,99.8,216344.61,0,1693112.4,54.25,2115.75,136254.3,126346.77,0.9273,124849.8,0.988151893,0.916299889,32.08,32.01,2162.55,46.8,,1
487,,05-06-2025 05:37,anonymous,,,05-05-2025,B Heavy,3900,1007650,55.45,1.2,12.54,125100,99.8,219418.31,0,1568012.4,54.25,2115.75,136254.3,126359.31,0.9274,124849.8,0.988053828,0.916299889,32.08,32.01,2162.55,46.8,,1
486,,05-05-2025 04:57,anonymous,,,04-05-2025,B Heavy,3950,1010250,54.8,1.19,12.52,125200,99.8,223318.81,0,1442912.4,53.61,2117.595,136373.118,126483.3,0.9275,124949.6,0.987874289,0.916233359,31.7,31.63,2164.6,47.005,,1
485,,05-03-2025 04:31,anonymous,,,02-05-2025,B Heavy,3950,1011600,54.8,1.19,12.5,125200,99.8,229971.01,0,1192512.4,53.61,2117.595,136373.118,126450,0.9272,124949.6,0.98813444,0.916233359,31.7,31.63,2164.6,47.005,,1
484,,05-02-2025 05:32,anonymous,,,01-05-2025,B Heavy,3950,1011550,54.8,1.19,12.5,125200,99.8,228194.21,0,1067312.4,53.61,2117.595,136373.118,126443.75,0.9272,124949.6,0.988183283,0.916233359,31.7,31.63,2164.6,47.005,,1
483,,05-01-2025 05:07,anonymous,,,30-04-2025,B Heavy,3900,1000150,54.8,1.17,12.5,123800.6,99.8,226881.21,0,942112.4,53.63,2091.57,134697.108,125018.75,0.9281,123552.9988,0.988275749,0.917265416,31.74,31.68,2137.2,45.63,,1
482,,4/30/25 4:45:36,anonymous,,,29-04-2025,B Heavy,3900,995550,54.8,1.19,12.5,123700,99.8,233602.7,0,820155.8,53.61,2090.79,134646.876,124443.75,0.9242,123452.6,0.992035357,0.91686197,31.72,31.65,2137.2,46.41,,1
481,,4/29/25 5:04:32,anonymous,,,28-04-2025,B Heavy,3900,997850,54.8,1.19,12.52,123700,99.8,230222.9,0,696455.8,53.61,2090.79,134646.876,124930.82,0.9278,123452.6,0.988167692,0.91686197,31.72,31.65,2137.2,46.41,,1
480,,4/28/25 4:10:01,anonymous,,,27-04-2025,B Heavy,3900,997600,54.8,1.19,12.52,123700,99.8,229522.1,0,572755.8,53.61,2090.79,134646.876,124899.52,0.9276,123452.6,0.988415328,0.91686197,31.72,31.65,2137.2,46.41,,1
479,,4/27/25 5:50:29,anonymous,,,26-04-2025,B Heavy,3400,869650,54.8,1.19,12.52,107800,99.8,229411.3,0,449055.8,53.61,1822.74,117384.456,108880.18,0.9276,107584.4,0.988099028,0.916513171,31.71,31.64,1863.2,40.46,,1
478,,4/26/25 4:44:38,anonymous,,,25-04-2025,B Heavy,3850,985800,54.8,1.18,12.51,122100,99.8,229018.7,0,341255.8,53.62,2064.37,132945.428,123323.58,0.9276,121855.8,0.98809814,0.916585112,31.71,31.65,2109.8,45.43,,1
477,,4/25/25 4:46:40,anonymous,,,24-04-2025,B Heavy,3850,985850,54.8,1.18,12.51,122100,99.8,230460.7,0,509155.8,53.62,2064.37,132945.428,123329.835,0.9277,121855.8,0.988048026,0.916585112,31.71,31.65,2109.8,45.43,,1
476,,4/24/25 4:49:04,anonymous,,,23-04-2025,B Heavy,3800,972950,54.8,1.18,12.51,120500,99.8,231869.4,0,387055.8,53.62,2037.56,131218.864,121716.045,0.9276,120259,0.988029146,0.91647646,31.71,31.65,2082.4,44.84,,1
475,,4/23/25 4:50:30,anonymous,,,22-04-2025,B Heavy,3800,972250,54.8,1.18,12.52,120500,99.8,234934.2,0,266555.8,53.62,2037.56,131218.864,121725.7,0.9277,120259,0.987950778,0.91647646,31.71,31.65,2082.4,44.84,,1
474,,4/22/25 5:01:52,anonymous,,,21-04-2025,B Heavy,3800,972150,54.8,1.18,12.52,120500,99.8,238734.2,0,146055.8,53.62,2037.56,131218.864,121713.18,0.9276,120259,0.988052403,0.91647646,31.71,31.65,2082.4,44.84,,1
473,,4/21/25 5:55:15,anonymous,,,20-04-2025,B Heavy,3900,1008550,55.45,1.2,12.54,125200,99.8,240121.6,0,267555.8,54.25,2115.75,136254.3,126472.17,0.9282,124949.6,0.987961225,0.917032343,32.1,32.04,2162.55,46.8,,1
472,,4/20/25 5:24:36,anonymous,,,19-04-2025,B Heavy,3900,1007750,55.45,1.18,12.55,125200,99.8,244021.6,0,142355.8,54.27,2116.53,136304.532,126472.625,0.9279,124949.6,0.987957671,0.916694391,32.1,32.04,2162.55,46.02,,1
471,,4/19/25 5:31:03,anonymous,,,18-04-2025,B Heavy,3450,886350,55.4,1.3,12.55,110100,99.8,245561.2,0,286155.8,54.1,1866.45,120199.38,111236.925,0.9254,109879.8,0.98779969,0.914146146,31.91,31.85,1911.3,44.85,,1
470,,4/18/25 4:47:18,anonymous,,,17-04-2025,B Heavy,3900,1007750,55.45,1.18,12.55,125200,99.8,245180.4,0,176055.8,54.27,2116.53,136304.532,126472.625,0.9279,124949.6,0.987957671,0.916694391,32.1,32.04,2162.55,46.02,,1
469,,4/17/25 5:10:29,anonymous,,,16-04-2025,B Heavy,3900,1007700,55.45,1.18,12.55,125200,99.8,249080.4,0,250855.8,54.27,2116.53,136304.532,126466.35,0.9278,124949.6,0.988006691,0.916694391,32.1,32.04,2162.55,46.02,,1
468,,4/16/25 3:21:24,anonymous,,,15-04-2025,B Heavy,3900,1007750,55.45,1.18,12.55,125200,99.8,247980.4,0,125655.8,54.27,2116.53,136304.532,126472.625,0.9279,124949.6,0.987957671,0.916694391,32.1,32.04,2162.55,46.02,,1
467,,4/15/25 4:34:40,anonymous,,,14-04-2025,B Heavy,3900,1008500,55.45,1.18,12.54,125200,99.8,247880.4,0,506455.8,54.27,2116.53,136304.532,126465.9,0.9278,124949.6,0.988010207,0.916694391,32.1,32.04,2162.55,46.02,,1
466,,4/14/25 5:42:34,anonymous,,,13-04-2025,B Heavy,3900,1008550,55.45,1.18,12.54,125200,99.8,243632,0,381255.8,54.27,2116.53,136304.532,126472.17,0.9279,124949.6,0.987961225,0.916694391,32.1,32.04,2162.55,46.02,,1
465,,04-12-2025 03:08,anonymous,,,11-04-2025,B Heavy,3900,1009450,55.4,1.18,12.52,125200,99.8,238949.2,0,130855.8,54.22,2114.58,136178.95,126383.14,0.928067,124949.6,0.98865719,0.917539738,32.1,32.04,2160.6,46.02,,1
464,,04-11-2025 06:03,anonymous,,,10-04-2025,B Heavy,3750,970500,55.27,1.22,12.48,120000,99.8,233286.4,0,237655.8,54.05,2026.875,130530.75,121118.4,0.9279,119760,0.988784528,0.91748496,32,31.94,2072.625,45.75,,1
463,,04-10-2025 06:21,anonymous,,,09-04-2025,B Heavy,3150,815000,55.27,1.22,12.48,100600,99.8,228948.9,0,117655.8,54.05,1702.575,109645.83,101712,0.9276,100398.8,0.987089036,0.915664554,31.94,31.87,1741.005,38.43,,1
462,,04-09-2025 07:11,anonymous,,,08-04-2025,B Heavy,0,0,0,0,0,0,0,230909.6,0,316055.8,0,0,0,0,,0,,,,,0,0,,1
460,,04-08-2025 09:38,anonymous,,,07-04-2025,B Heavy,0,0,0,0,0,0,0,230166.6,0,316055.8,0,0,0,0,,0,,,,,0,0,,1
461,,04-08-2025 09:39,anonymous,,,06-04-2025,B Heavy,0,0,0,0,0,0,0,230166.6,0,316055.8,0,0,0,0,,0,,,,,0,0,,1
459,,04-04-2025 05:40,anonymous,,,03-04-2025,B Heavy,0,0,0,0,0,0,0,230166.6,0,316055.8,0,0,0,0,,0,,,,,0,0,,1
457,,04-03-2025 05:18,anonymous,,,02-04-2025,B Heavy,0,0,0,0,0,0,0,229400,0,316055.8,0,0,0,0,,0,,,,,0,0,,1
458,,04-03-2025 05:19,anonymous,,,01-04-2025,B Heavy,0,0,0,0,0,0,0,229400,0,316055.8,0,0,0,0,,0,,,,,0,0,,1
456,,3/31/25 3:32:27,anonymous,,,30-03-2025,B Heavy,3900,1006700,55.45,1.2,12.56,125200,99.8,229046.56,0,254875.3,54.25,2115.75,136254.3,126441.52,0.928,124949.6,0.988200711,0.917032343,32.1,32.04,2162.55,46.8,,1
455,,3/28/25 3:12:16,anonymous,,,27-03-2025,B Heavy,3900,1007650,55.45,1.2,12.55,125200,99.8,231705.96,0,145275.3,54.25,2115.75,136254.3,126460.075,0.9281,124949.6,0.988055716,0.917032343,32.1,32.04,2162.55,46.8,,1
454,,3/27/25 4:16:40,anonymous,,,26-03-2025,B Heavy,3900,1007550,55.45,1.2,12.55,125200,99.8,230751.26,0,273075.3,54.25,2115.75,136254.3,126447.525,0.928,124949.6,0.988153782,0.917032343,32.1,32.04,2162.55,46.8,,1
453,,3/26/25 5:28:15,anonymous,,,25-03-2025,B Heavy,3900,1006900,55.45,1.18,12.56,125200,99.8,233215.36,0,147875.3,54.27,2116.53,136304.532,126466.64,0.9278,124949.6,0.988004426,0.916694391,32.1,32.04,2162.55,46.02,,1
452,,3/25/25 4:26:49,anonymous,,,24-03-2025,B Heavy,3900,1006950,55.45,1.18,12.56,125200,99.8,234732.36,0,275675.3,54.27,2116.53,136304.532,126472.92,0.9279,124949.6,0.987955366,0.916694391,32.1,32.04,2162.55,46.02,,1
451,,3/24/25 2:58:50,anonymous,,,23-03-2025,B Heavy,3900,1006850,55.45,1.18,12.56,125200,99.8,233972.76,0,392475.3,54.27,2116.53,136304.532,126460.36,0.9278,124949.6,0.98805349,0.916694391,32.1,32.04,2162.55,46.02,,1
450,,3/23/25 5:18:40,anonymous,,,22-03-2025,B Heavy,3900,1006850,55.45,1.18,12.56,125200,99.8,233872.76,0,267275.3,54.27,2116.53,136304.532,126460.36,0.9278,124949.6,0.98805349,0.916694391,32.1,32.04,2162.55,46.02,,1
449,,3/22/25 3:02:56,anonymous,,,21-03-2025,B Heavy,3900,1006900,55.4,1.15,12.56,125200,99.8,231157.56,0,142075.3,54.25,2115.75,136254.3,126466.64,0.9282,124949.6,0.988004426,0.917032343,32.1,32.04,2160.6,44.85,,1
448,,3/21/25 3:31:33,anonymous,,,20-03-2025,B Heavy,3900,1006950,55.4,1.15,12.56,125200,99.8,228707.26,0,283875.3,54.25,2115.75,136254.3,126472.92,0.9282,124949.6,0.987955366,0.917032343,32.1,32.04,2160.6,44.85,,1
447,,3/20/25 3:12:17,anonymous,,,19-03-2025,B Heavy,3900,1006800,55.4,1.15,12.56,125200,99.8,225761.96,0,158675.3,54.25,2115.75,136254.3,126454.08,0.9281,124949.6,0.988102559,0.917032343,32.1,32.04,2160.6,44.85,,1
446,,3/19/25 3:18:05,anonymous,,,18-03-2025,B Heavy,3100,804750,55.6,1.1,12.55,100000,99.8,222485.96,0,403475.3,54.5,1689.5,108803.8,100996.125,0.9282,99800,0.988156724,0.917247376,32.26,32.19,1723.6,34.1,,1
445,,3/18/25 4:04:47,anonymous,,,17-03-2025,B Heavy,3900,1007750,55.4,1.14,12.55,125200,99.8,220751.26,0,303475.3,54.26,2116.14,136279.416,126472.625,0.928,124949.6,0.987957671,0.916863336,32.1,32.04,2160.6,44.46,,1
444,,3/17/25 3:01:31,anonymous,,,16-03-2025,B Heavy,3900,1007400,55.4,1.14,12.55,125200,99.8,220651.56,0,754275.3,54.26,2116.14,136279.416,126428.7,0.9277,124949.6,0.988300916,0.916863336,32.1,32.04,2160.6,44.46,,1
443,,3/16/25 5:37:11,anonymous,,,15-03-2025,B Heavy,3900,1007350,55.4,1.15,12.55,125200,99.8,220551.26,0,629075.3,54.25,2115.75,136254.3,126422.425,0.9278,124949.6,0.98834997,0.917032343,32.1,32.04,2160.6,44.85,,1
442,,3/15/25 3:08:15,anonymous,,,14-03-2025,B Heavy,3900,1007500,55.4,1.12,12.55,125200,99.8,219451.56,0,503875.3,54.28,2116.92,136329.648,126441.25,0.9275,124949.6,0.988202821,0.916525509,32.1,32.04,2160.6,43.68,,1
441,,3/14/25 4:36:48,anonymous,,,13-03-2025,B Heavy,3900,1007550,55.4,1.12,12.55,125200,99.8,219351.26,0,378675.3,54.28,2116.92,136329.648,126447.525,0.9275,124949.6,0.988153782,0.916525509,32.1,32.04,2160.6,43.68,,1
440,,3/13/25 3:03:00,anonymous,,,12-03-2025,B Heavy,3900,1008500,55.4,1.12,12.54,125200,99.8,218946.96,0,253475.3,54.28,2116.92,136329.648,126465.9,0.9276,124949.6,0.988010207,0.916525509,32.1,32.04,2160.6,43.68,,1
439,,03-12-2025 03:04,anonymous,,,11-03-2025,B Heavy,3900,1008550,55.4,1.12,12.54,125200,99.8,214723.76,0,128275.3,54.28,2116.92,136329.648,126472.17,0.9277,124949.6,0.987961225,0.916525509,32.1,32.04,2160.6,43.68,,1
438,,03-11-2025 03:05,anonymous,,,10-03-2025,B Heavy,3900,1008450,55.4,1.12,12.54,125200,99.8,216619.16,0,257075.3,54.28,2116.92,136329.648,126459.63,0.9276,124949.6,0.988059193,0.916525509,32.1,32.04,2160.6,43.68,,1
437,,03-09-2025 05:00,anonymous,,,08-03-2025,B Heavy,3900,1009600,55.4,1.12,12.52,125200,99.8,207554.46,0,262675.3,54.28,2116.92,136329.648,126401.92,0.9272,124949.6,0.988510301,0.916525509,32.1,32.04,2160.6,43.68,,1
436,,03-08-2025 03:10,anonymous,,,07-03-2025,B Heavy,3900,1007350,55.4,1.1,12.56,125200,99.8,203108.76,0,137475.3,54.3,2117.7,136379.88,126523.16,0.9277,124949.6,0.987563068,0.91618793,32.1,32.04,2160.6,42.9,,1
435,,03-07-2025 03:37,anonymous,,,06-03-2025,B Heavy,3900,1007450,55.4,1.1,12.55,125200,99.8,198861.56,0,261275.3,54.3,2117.7,136379.88,126434.975,0.9271,124949.6,0.988251866,0.91618793,32.1,32.04,2160.6,42.9,,1
434,,03-06-2025 04:37,anonymous,,,05-03-2025,B Heavy,3900,1007550,55.4,1.1,12.55,125200,99.8,200066.66,0,136075.3,54.3,2117.7,136379.88,126447.525,0.9272,124949.6,0.988153782,0.91618793,32.1,32.04,2160.6,42.9,,1
433,,03-05-2025 04:33,anonymous,,,04-03-2025,B Heavy,3900,1007650,55.4,1.1,12.55,125200,99.8,195693.06,0,272875.3,54.3,2117.7,136379.88,126460.075,0.9273,124949.6,0.988055716,0.91618793,32.1,32.04,2160.6,42.9,,
432,,03-04-2025 04:56,anonymous,,,03-03-2025,B Heavy,3900,1008600,55.4,1.1,12.54,125200,99.8,199193.56,0,147675.3,54.3,2117.7,136379.88,126478.44,0.9274,124949.6,0.987912248,0.91618793,32.1,32.04,2160.6,42.9,,
431,,03-03-2025 04:43,anonymous,,,02-03-2025,B Heavy,3900,1008500,55.4,1.1,12.54,125200,99.8,198070.76,0,504475.3,54.3,2117.7,136379.88,126465.9,0.9273,124949.6,0.988010207,0.91618793,32.1,32.04,2160.6,42.9,,
430,,03-02-2025 06:24,anonymous,,,01-03-2025,B Heavy,3950,1012550,54.9,1.15,12.52,125500,99.8,195672.96,0,379275.3,53.75,2123.125,136729.25,126771.26,0.9272,125249,0.987992073,0.91603662,31.77,31.71,2168.55,45.425,,
429,,03-02-2025 04:17,anonymous,,,28-02-2025,B Heavy,3950,1014200,54.9,1.2,12.5,125597.3,99.8,192409.36,0,253775.3,53.7,2121.15,136602.06,126775,0.9281,125346.1054,0.988728893,0.917600404,31.8,31.73,2168.55,47.4,,
428,,03-01-2025 05:59,anonymous,,,27-02-2025,B Heavy,3950,1014250,54.9,1.2,12.5,125500,99.8,198953.95,0,421750,53.7,2121.15,136602.06,126781.25,0.9281,125249,0.987914222,0.91688954,31.77,31.71,2168.55,47.4,,
427,,2/26/25 4:48:10,anonymous,,,25-02-2025,B Heavy,3950,1013700,54.9,1.16,12.51,125500,99.8,190207.35,0,170750,53.74,2122.73,136703.812,126813.87,0.9277,125249,0.987660104,0.916207077,31.77,31.71,2168.55,45.82,,
426,,2/25/25 4:38:44,anonymous,,,24-02-2025,B Heavy,3950,1013750,54.9,1.16,12.51,125500,99.8,188023.55,0,498250,53.74,2122.73,136703.812,126820.125,0.9277,125249,0.987611391,0.916207077,31.77,31.71,2168.55,45.82,,
425,,2/24/25 5:06:35,anonymous,,,23-02-2025,B Heavy,3950,1014300,54.9,1.16,12.5,125500,99.8,182141.95,0,372750,53.74,2122.73,136703.812,126787.5,0.9275,125249,0.987865523,0.916207077,31.77,31.71,2168.55,45.82,,
424,,2/23/25 5:00:05,anonymous,,,22-02-2025,B Heavy,3950,1014050,54.9,1.2,12.5,125500,99.8,176091.95,0,247250,53.7,2121.15,136602.06,126756.25,0.9279,125249,0.988109068,0.91688954,31.77,31.71,2168.55,47.4,,
423,,2/22/25 9:15:14,anonymous,,,21-02-2025,B Heavy,3800,973050,54.9,1.2,12.54,120800,99.8,177088.95,0,365750,53.7,2040.6,131414.64,122020.47,0.9285,120558.4,0.98801783,0.917389417,31.79,31.73,2086.2,45.6,,
422,,2/21/25 5:39:07,anonymous,,,20-02-2025,B Heavy,3800,973550,54.9,1.2,12.53,120800,99.8,180150.35,0,244950,53.7,2040.6,131414.64,121985.815,0.9283,120558.4,0.988298517,0.917389417,31.79,31.73,2086.2,45.6,,
421,,2/19/25 5:15:56,anonymous,,,18-02-2025,B Heavy,3800,976350,55,1.25,12.5,120800,99.8,183880.55,0,246350,53.75,2042.5,131537,122043.75,0.9278,120558.4,0.987829364,0.916536032,31.79,31.73,2090,47.5,,
420,,2/18/25 5:44:00,anonymous,,,17-02-2025,B Heavy,3800,976250,55,1.25,12.5,120800,99.8,176906.35,0,125550,53.75,2042.5,131537,122031.25,0.9277,120558.4,0.987930551,0.916536032,31.79,31.73,2090,47.5,,
419,,2/17/25 6:17:02,anonymous,,,16-02-2025,B Heavy,150,38400,55,1.45,12.5,4750,99.8,168511.55,0,4750,53.55,80.325,5172.93,4800,0.9279,4740.5,0.987604167,0.916405209,31.67,31.6,82.5,2.175,,
417,,2/16/25 6:43:58,anonymous,,,15-02-2025,Syrup,3825,966450,55.64,0.35,13.15,125900,99.8,162321.75,0,189534.2,55.29,2114.8425,136195.857,127088.175,0.9331,125648.2,0.988669481,0.922555229,32.92,32.85,2128.23,13.3875,,
416,,2/15/25 6:08:52,anonymous,,,14-02-2025,Syrup,3525,890500,55.64,0.42,13.15,116000,99.8,154719.55,0,285634.2,55.22,1946.505,125354.922,117100.75,0.9342,115768,0.988618775,0.923521774,32.91,32.84,1961.31,14.805,,
415,,2/14/25 5:19:09,anonymous,,,13-02-2025,Syrup,3825,966400,55.64,0.42,13.15,125900,99.8,152314.15,0,413634.2,55.22,2112.165,136023.426,127081.6,0.9343,125648.2,0.988720633,0.923724712,32.92,32.85,2128.23,16.065,,
414,,2/13/25 4:31:09,anonymous,,,12-02-2025,Syrup,3825,966200,55.64,0.42,13.15,125900,99.8,149462.95,0,287734.2,55.22,2112.165,136023.426,127055.3,0.9341,125648.2,0.988925295,0.923724712,32.92,32.85,2128.23,16.065,,
413,,02-12-2025 04:54,anonymous,,,11-02-2025,Syrup,3900,966500,55.14,0.6,13.15,125800,99.8,148456.35,0,161834.2,54.54,2127.06,136982.664,127094.75,0.9278,125548.4,0.987833093,0.916527656,32.26,32.19,2150.46,23.4,,
412,,02-11-2025 04:47,anonymous,,,10-02-2025,Syrup,3900,967200,55.14,0.6,13.14,125800,99.8,148456.35,0,427034.2,54.54,2127.06,136982.664,127090.08,0.9278,125548.4,0.987869392,0.916527656,32.26,32.19,2150.46,23.4,,
411,,02-10-2025 07:39,anonymous,,,09-02-2025,Syrup,3900,967050,55.14,0.6,13.14,125800,99.8,147345.95,0,728234.2,54.54,2127.06,136982.664,127070.37,0.9276,125548.4,0.988022621,0.916527656,32.26,32.19,2150.46,23.4,,
410,,02-09-2025 06:19,anonymous,,,08-02-2025,Syrup,3900,967200,55.14,0.6,13.13,125800,99.8,147345.95,0,602434.2,54.54,2127.06,136982.664,126993.36,0.9271,125548.4,0.988621767,0.916527656,32.26,32.19,2150.46,23.4,,
409,,02-08-2025 04:52,anonymous,,,07-02-2025,Syrup,3900,969450,55.14,0.6,13.11,125800,99.8,145442.95,0,793634.2,54.54,2127.06,136982.664,127094.895,0.9278,125548.4,0.987831966,0.916527656,32.26,32.19,2150.46,23.4,,
407,,02-07-2025 05:05,anonymous,,,06-02-2025,Syrup,3900,970150,55.14,0.6,13.1,125800,99.8,143685.15,0,998834.2,54.54,2127.06,136982.664,127089.65,0.9278,125548.4,0.987872734,0.916527656,32.26,32.19,2150.46,23.4,,
406,,02-05-2025 05:50,anonymous,,,04-02-2025,Syrup,3925,975450,55,0.8,13.03,125800,99.8,118607.55,0,1005234.2,54.2,2127.35,137001.34,127101.135,0.9277,125548.4,0.987783469,0.916402715,32.05,31.99,2158.75,31.4,,
405,,02-04-2025 05:02,anonymous,,,03-02-2025,Syrup,3925,976450,54.84,0.62,13.02,125800,99.8,108468.95,0,1135534.2,54.22,2128.135,137051.894,127133.79,0.9276,125548.4,0.987529751,0.916064684,32.05,31.99,2152.47,24.335,,
404,,02-03-2025 05:41,anonymous,,,02-02-2025,Syrup,3925,976200,54.84,0.62,13.01,125800,99.8,106290.75,0,1212634.2,54.22,2128.135,137051.894,127003.62,0.9267,125548.4,0.988541901,0.916064684,32.05,31.99,2152.47,24.335,,
403,,02-02-2025 05:47,anonymous,,,01-02-2025,Syrup,2000,497200,54.84,0.62,13.03,64100,99.8,101653.35,0,1086834.2,54.22,1084.4,69835.36,64785.16,0.9277,63971.8,0.987445273,0.916037377,32.05,31.99,1096.8,12.4,,
402,,02-01-2025 06:02,anonymous,,,31-01-2025,Syrup,3900,970100,54.84,0.65,13.03,125294,99.8,98051.75,0,1368734.2,54.19,2113.41,136103.604,126404.03,0.9287,125043.412,0.98923596,0.918736965,32.13,32.06,2138.76,25.35,,
401,,1/31/25 5:44:40,anonymous,,,30-01-2025,Syrup,3925,975700,54.84,0.65,13.02,125800,99.8,94197.34,0,1246634.1,54.19,2126.9575,136976.063,127036.14,0.9274,125548.4,0.988288844,0.916571825,32.05,31.99,2152.47,25.5125,,
400,,1/30/25 5:54:55,anonymous,,,29-01-2025,Syrup,3925,975750,55,0.8,13.02,125800,99.8,90006.34,0,1120834.1,54.2,2127.35,137001.34,127042.65,0.9273,125548.4,0.988238202,0.916402715,32.05,31.99,2158.75,31.4,,
399,,1/29/25 5:31:14,anonymous,,,28-01-2025,Syrup,3925,975550,55.15,0.9,13.03,125800,99.8,86219.94,0,995034.1,54.25,2129.3125,137127.725,127114.165,0.927,125548.4,0.987682215,0.915558105,32.05,31.99,2164.6375,35.325,,
398,,1/28/25 6:37:07,anonymous,,,27-01-2025,Syrup,3925,975450,55.15,0.9,13.03,125800,99.8,81666.34,0,869234.1,54.25,2129.3125,137127.725,127101.135,0.9269,125548.4,0.987783469,0.915558105,32.05,31.99,2164.6375,35.325,,
397,,1/27/25 6:03:59,anonymous,,,26-01-2025,Syrup,3950,975100,54.84,0.92,13.04,125800,99.8,78963.54,0,1028434.1,53.92,2129.84,137161.696,127153.04,0.927,125548.4,0.987380247,0.915331347,31.85,31.78,2166.18,36.34,,
396,,1/26/25 4:54:50,anonymous,,,25-01-2025,Syrup,3950,975750,54.84,0.92,13.03,125800,99.8,74471.74,0,902634.1,53.92,2129.84,137161.696,127140.225,0.9269,125548.4,0.987479769,0.915331347,31.85,31.78,2166.18,36.34,,
395,,1/25/25 5:34:13,anonymous,,,24-01-2025,Syrup,3950,975600,54.84,0.95,13.03,125800,99.8,71213.54,0,776834.1,53.89,2128.655,137085.382,127120.68,0.9273,125548.4,0.987631595,0.915840903,31.85,31.78,2166.18,37.525,,
394,,1/24/25 5:12:51,anonymous,,,23-01-2025,Syrup,3950,975550,54.84,0.95,13.02,125800,99.8,65479.34,0,651034.1,53.89,2128.655,137085.382,127016.61,0.9266,125548.4,0.988440803,0.915840903,31.85,31.78,2166.18,37.525,,
393,,1/23/25 5:35:11,anonymous,,,22-01-2025,Syrup,3950,975650,54.84,0.95,13.03,125800,99.8,62541.94,0,525234.1,53.89,2128.655,137085.382,127127.195,0.9274,125548.4,0.987580981,0.915840903,31.85,31.78,2166.18,37.525,,
392,,1/22/25 5:34:26,anonymous,,,21-01-2025,Syrup,3950,975700,54.84,1.02,13.02,125800,99.8,56777.54,0,570434.1,53.82,2125.89,136907.316,127036.14,0.9279,125548.4,0.988288844,0.917032074,31.85,31.78,2166.18,40.29,,
391,,1/21/25 4:57:27,anonymous,,,20-01-2025,Syrup,4000,979700,54.44,1.14,12.98,125800,99.8,52990.54,0,444634.1,53.3,2132,137300.8,127165.06,0.9262,125548.4,0.987286917,0.914403995,31.45,31.39,2177.6,45.6,,
390,,1/20/25 8:19:20,anonymous,,,19-01-2025,Syrup,4000,979900,54.42,1.12,12.98,125800,99.8,45951.14,0,704834.1,53.3,2132,137300.8,127191.02,0.9264,125548.4,0.987085409,0.914403995,31.45,31.39,2176.8,44.8,,
389,,1/19/25 4:09:22,anonymous,,,18-01-2025,Syrup,4000,979800,54.42,1.12,12.98,125800,99.8,40439.64,0,579034.1,53.3,2132,137300.8,127178.04,0.9263,125548.4,0.987186153,0.914403995,31.45,31.39,2176.8,44.8,,
388,,1/18/25 4:40:43,anonymous,,,17-01-2025,Syrup,3900,954200,54.4,1.1,13,122600,99.8,37424.74,0,453234.1,53.3,2078.7,133868.28,124046,0.9266,122354.8,0.986366348,0.913993965,31.44,31.37,2121.6,42.9,,
387,,1/17/25 5:34:38,anonymous,,,16-01-2025,Syrup,3600,881000,54.4,1.1,13,113200,99.8,33071.74,0,563634.1,53.3,1918.8,123570.72,114530,0.9268,112973.6,0.986410547,0.914242468,31.44,31.38,1958.4,39.6,,
386,,1/16/25 5:26:05,anonymous,,,15-01-2025,Syrup,4000,978850,54.4,1.05,12.99,125800,99.8,29066.34,0,450434.1,53.35,2134,137429.6,127152.615,0.9252,125548.4,0.987383547,0.913547009,31.45,31.39,2176,42,,
385,,1/15/25 7:19:37,anonymous,,,14-01-2025,Syrup,4000,980550,54.35,1.05,12.97,125800,99.8,29066.34,0,324634.1,53.3,2132,137300.8,127177.335,0.9263,125548.4,0.987191625,0.914403995,31.45,31.39,2174,42,,
384,,1/14/25 5:01:59,anonymous,,,13-01-2025,Syrup,4000,980500,54.25,1.02,12.96,125800,99.8,22359.34,0,451834.1,53.23,2129.2,137120.48,127072.8,0.9267,125548.4,0.988003727,0.91560648,31.45,31.39,2170,40.8,,
383,,1/13/25 5:22:28,anonymous,,,12-01-2025,Syrup,4000,980400,54.25,1.04,12.96,125700,99.8,20094.94,0,326034.1,53.21,2128.4,137068.96,127059.84,0.927,125448.6,0.987319046,0.915222527,31.43,31.36,2170,41.6,,
382,,01-12-2025 06:45,anonymous,,,11-01-2025,Syrup,4000,980750,54.35,1.04,12.96,125700,99.8,12300.14,0,200334.1,53.31,2132.4,137326.56,127105.2,0.9256,125448.6,0.986966702,0.913505734,31.43,31.36,2174,41.6,,
381,,01-11-2025 05:47,anonymous,,,10-01-2025,Syrup,4000,980650,54.35,1.04,12.96,125700,99.8,10686.34,0,510634.1,53.31,2132.4,137326.56,127092.24,0.9255,125448.6,0.987067346,0.913505734,31.43,31.36,2174,41.6,,
380,,01-10-2025 05:46,anonymous,,,09-01-2025,Syrup,3975,978650,54.4,0.86,12.97,125600,99.8,7069.94,0,384934.1,53.54,2128.215,137057.046,126930.905,0.9261,125348.8,0.987535699,0.914573921,31.6,31.53,2162.4,34.185,,
379,,01-09-2025 05:07,anonymous,,,08-01-2025,Syrup,3975,978500,54.42,0.86,12.98,125600,99.8,7069.94,0,259334.1,53.56,2129.01,137108.244,127009.3,0.9263,125348.8,0.986926154,0.914232407,31.6,31.53,2163.195,34.185,,
378,,01-08-2025 05:06,anonymous,,,07-01-2025,Syrup,3950,975550,54.5,0.75,13,125600,99.8,7069.94,0,385734.1,53.75,2123.125,136729.25,126821.5,0.9275,125348.8,0.988387616,0.916766529,31.8,31.73,2152.75,29.625,,
377,,01-07-2025 05:34,anonymous,,,06-01-2025,Syrup,3950,975200,54.5,0.78,13,125600,99.8,7069.94,0,260134.1,53.72,2121.94,136652.936,126776,0.9277,125348.8,0.988742349,0.917278499,31.8,31.73,2152.75,30.81,,
376,,01-06-2025 07:28,anonymous,,,05-01-2025,Syrup,3950,974650,54.68,0.91,13.02,125600,99.8,7069.94,0,442534.1,53.77,2123.915,136780.126,126899.43,0.9278,125348.8,0.987780639,0.916425534,31.8,31.73,2159.86,35.945,,
375,,01-05-2025 05:48,anonymous,,,04-01-2025,Syrup,3950,974550,54.85,1.07,13.02,125600,99.8,7069.94,0,316934.1,53.78,2124.31,136805.564,126886.41,0.9275,125348.8,0.987881996,0.916255131,31.8,31.73,2166.575,42.265,,
374,,01-03-2025 05:45,anonymous,,,02-01-2025,Syrup,3950,974500,54.85,1.06,13.03,125600,99.8,7069.94,0,382734.1,53.79,2124.705,136831.002,126977.35,0.928,125348.8,0.987174484,0.916084792,31.8,31.73,2166.575,41.87,,
373,,01-02-2025 05:55,anonymous,,,01-01-2025,Syrup,3950,974700,54.85,1.08,13.02,125600,99.8,7069.94,0,257134.1,53.77,2123.915,136780.126,126905.94,0.9278,125348.8,0.987729968,0.916425534,31.8,31.73,2166.575,42.66,,
372,,01-01-2025 11:00,anonymous,,,31-12-2024,Syrup,3925,973900,55.1,1.01,13.03,125647.2,99.8,7069.94,0,131534.1,54.09,2123.0325,136723.293,126899.17,0.9281,125395.9056,0.988153867,0.917151005,32.01,31.95,2162.675,39.6425,,
371,,12/31/24 5:24:34,anonymous,,,30-12-2024,Syrup,3925,973450,55.1,1.01,13.03,125600,99.8,7069.94,0,263328.9,54.09,2123.0325,136723.293,126840.535,0.9277,125348.8,0.988239288,0.916806473,32,31.94,2162.675,39.6425,,
369,,12/30/24 8:01:54,anonymous,,,29-12-2024,Syrup,3925,975950,55.15,1.02,13,125600,99.8,7069.94,0,386728.9,54.13,2124.6025,136824.401,126873.5,0.9273,125348.8,0.987982518,0.916128988,32,31.94,2164.6375,40.035,,
368,,12/30/24 8:00:26,anonymous,,,28-12-2024,Syrup,3925,974500,55.1,1.02,13.02,125600,99.8,7069.94,0,261128.9,54.08,2122.64,136698.016,126879.9,0.9282,125348.8,0.987932683,0.916976001,32,31.94,2162.675,40.035,,
367,,12/28/24 4:35:54,anonymous,,,27-12-2024,Syrup,3925,971950,55.28,1.16,13.06,125600,99.8,7069.94,0,377528.9,54.12,2124.21,136799.124,126936.67,0.9279,125348.8,0.987490849,0.916298265,32,31.94,2169.74,45.53,,
366,,12/27/24 5:22:23,anonymous,,,26-12-2024,Syrup,3925,970600,55.3,1.18,13.08,125600,99.8,7069.94,0,251928.9,54.12,2124.21,136799.124,126954.48,0.928,125348.8,0.987352317,0.916298265,32,31.94,2170.525,46.315,,
365,,12/26/24 5:09:13,anonymous,,,25-12-2024,Syrup,3925,969800,55.32,1.16,13.1,125700,99.8,7069.94,0,389328.9,54.16,2125.78,136900.232,127043.8,0.928,125448.6,0.987443701,0.916350529,32.03,31.96,2171.31,45.53,,
364,,12/25/24 5:59:15,anonymous,,,24-12-2024,Syrup,3925,969900,55.32,1.16,13.1,125700,99.8,7069.94,0,263628.9,54.16,2125.78,136900.232,127056.9,0.9281,125448.6,0.987341892,0.916350529,32.03,31.96,2171.31,45.53,,
363,,12/24/24 5:18:06,anonymous,,,23-12-2024,Syrup,3925,969800,55.32,1.16,13.1,125700,99.8,7069.94,0,410928.9,54.16,2125.78,136900.232,127043.8,0.928,125448.6,0.987443701,0.916350529,32.03,31.96,2171.31,45.53,,
362,,12/23/24 6:40:49,anonymous,,,22-12-2024,Syrup,3925,971200,55.23,1.08,13.08,125700,99.8,7069.94,0,547228.9,54.15,2125.3875,136874.955,127032.96,0.9281,125448.6,0.987527961,0.916519753,32.03,31.96,2167.7775,42.39,,
361,,12/22/24 7:00:13,anonymous,,,21-12-2024,Syrup,3925,971100,55.23,1.08,13.08,125700,99.8,7069.94,0,421528.9,54.15,2125.3875,136874.955,127019.88,0.928,125448.6,0.987629653,0.916519753,32.03,31.96,2167.7775,42.39,,
360,,12/21/24 6:44:12,anonymous,,,20-12-2024,Syrup,3925,972300,55.12,0.98,13.06,125700,99.8,7069.94,0,295828.9,54.14,2124.995,136849.678,126982.38,0.9279,125448.6,0.987921316,0.91668904,32.03,31.96,2163.46,38.465,,
359,,12/20/24 4:26:20,anonymous,,,19-12-2024,Syrup,3925,972200,55.12,0.98,13.06,125600,99.8,7069.94,0,398128.9,54.14,2124.995,136849.678,126969.32,0.9278,125348.8,0.987236917,0.915959773,32,31.94,2163.46,38.465,,
358,,12/19/24 5:28:04,anonymous,,,18-12-2024,Syrup,3925,972900,55.1,0.98,13.06,125600,99.9,7069.94,0,272528.9,54.12,2124.21,136799.124,127060.74,0.9288,125474.4,0.987515105,0.9172164,32,31.97,2162.675,38.465,,
357,,12/18/24 12:49:06,anonymous,,,17-12-2024,Syrup,3925,972850,55.1,0.98,13.05,125600,99.9,7069.94,0,391928.9,54.12,2124.21,136799.124,126956.925,0.9281,125474.4,0.988322614,0.9172164,32,31.97,2162.675,38.465,,
356,,12/17/24 6:06:55,anonymous,,,16-12-2024,Syrup,3925,972900,55.15,0.98,13.05,125600,99.9,7069.94,0,266328.9,54.17,2126.1725,136925.509,126963.45,0.9272,125474.4,0.988271822,0.916369791,32,31.97,2164.6375,38.465,,
355,,12/16/24 4:05:51,anonymous,,,15-12-2024,Syrup,3900,972300,55.13,0.63,13.07,125800,99.8,7069.94,0,388728.9,54.5,2125.5,136882.2,127079.61,0.9284,125548.4,0.987950781,0.917200337,32.26,32.19,2150.07,24.57,,
354,,12/15/24 7:05:19,anonymous,,,14-12-2024,Syrup,3900,972200,55.13,0.63,13.07,125800,99.8,7069.94,0,262928.9,54.5,2125.5,136882.2,127066.54,0.9283,125548.4,0.988052402,0.917200337,32.26,32.19,2150.07,24.57,,
353,,12/14/24 6:12:52,anonymous,,,13-12-2024,Syrup,3900,972500,55.12,0.62,13.07,125800,99.8,7069.94,0,137128.9,54.5,2125.5,136882.2,127105.75,0.9286,125548.4,0.987747604,0.917200337,32.26,32.19,2149.68,24.18,,
352,,12/13/24 6:11:53,anonymous,,,12-12-2024,Syrup,3900,972500,55.12,0.62,13.06,125700,99.8,7069.94,0,259328.9,54.5,2125.5,136882.2,127008.5,0.9279,125448.6,0.987718145,0.916471243,32.23,32.17,2149.68,24.18,,
351,,12-12-2024 06:17,anonymous,,,11-12-2024,Syrup,3900,972600,55.12,0.62,13.06,125700,99.8,7069.94,0,133628.9,54.5,2125.5,136882.2,127021.56,0.928,125448.6,0.98761659,0.916471243,32.23,32.17,2149.68,24.18,,
350,,12-11-2024 05:24,anonymous,,,10-12-2024,Syrup,3900,972700,55.12,0.62,13.06,125700,99.8,7069.94,0,263928.9,54.5,2125.5,136882.2,127034.62,0.9281,125448.6,0.987515057,0.916471243,32.23,32.17,2149.68,24.18,,
370,,12/30/24 11:09:25,anonymous,,,09-12-2024,Syrup,3900,972900,55.13,0.62,13.06,125700,99.8,7069.94,0,138228.9,54.51,2125.89,136907.316,127060.74,0.9281,125448.6,0.987312052,0.916303114,32.23,32.17,2150.07,24.18,,
349,,12-09-2024 04:24,anonymous,,,08-12-2024,Syrup,3900,973600,55.13,0.62,13.05,125700,99.8,7069.94,0,269528.9,54.51,2125.89,136907.316,127054.8,0.928,125448.6,0.987358211,0.916303114,32.23,32.17,2150.07,24.18,,
348,,12-08-2024 06:25,anonymous,,,07-12-2024,Syrup,3900,973600,55.15,0.64,13.05,125700,99.8,7069.94,0,143828.9,54.51,2125.89,136907.316,127054.8,0.928,125448.6,0.987358211,0.916303114,32.23,32.17,2150.85,24.96,,
347,,12-07-2024 05:49,anonymous,,,06-12-2024,Syrup,3900,973800,55.15,0.64,13.05,125700,99.8,7069.94,0,252128.9,54.51,2125.89,136907.316,127080.9,0.9282,125448.6,0.987155426,0.916303114,32.23,32.17,2150.85,24.96,,
346,,12-06-2024 05:21,anonymous,,,05-12-2024,Syrup,3900,973700,55.15,0.64,13.05,125700,99.8,7069.94,0,126428.9,54.51,2125.89,136907.316,127067.85,0.9281,125448.6,0.987256808,0.916303114,32.23,32.17,2150.85,24.96,,
345,,12-05-2024 05:37,anonymous,,,04-12-2024,Syrup,3900,973900,55.15,0.64,13.05,125700,99.8,7069.94,0,261728.9,54.51,2125.89,136907.316,127093.95,0.9283,125448.6,0.987054065,0.916303114,32.23,32.17,2150.85,24.96,,
344,,12-04-2024 05:37,anonymous,,,03-12-2024,Syrup,3900,973800,55.15,0.64,13.05,125700,99.8,7069.94,0,136028.9,54.51,2125.89,136907.316,127080.9,0.9282,125448.6,0.987155426,0.916303114,32.23,32.17,2150.85,24.96,,
343,,12-03-2024 05:15,anonymous,,,02-12-2024,Syrup,3900,976000,55.12,0.64,13.01,125600,99.8,7069.94,0,267328.9,54.48,2124.72,136831.968,126977.6,0.928,125348.8,0.987172541,0.916078325,32.21,32.14,2149.68,24.96,,
342,,12-02-2024 04:29,anonymous,,,01-12-2024,Syrup,3900,975900,55.12,0.64,13.01,125600,99.8,7069.94,0,398728.9,54.48,2124.72,136831.968,126964.59,0.9279,125348.8,0.987273696,0.916078325,32.21,32.14,2149.68,24.96,,
341,,12-01-2024 06:33,anonymous,,,30-11-2024,Syrup,3900,975700,55.12,0.64,13.01,125627,99.8,7069.94,0,273128.9,54.48,2124.72,136831.968,126938.57,0.9277,125376.0454,0.987690703,0.91627744,32.21,32.15,2149.68,24.96,,
340,,11/30/24 4:22:54,anonymous,,,29-11-2024,Syrup,3900,973700,55.12,0.64,13.01,125600,99.8,7069.94,0,149798,54.48,2124.72,136831.968,126678.37,0.9258,125348.8,0.989504364,0.916078325,32.21,32.14,2149.68,24.96,,
339,,11/29/24 7:26:11,anonymous,,,28-11-2024,Syrup,3900,974100,54.95,0.7,12.98,125300,99.8,7069.94,0,270198,54.25,2115.75,136254.3,126438.18,0.928,125049.4,0.989016134,0.917764797,32.13,32.06,2143.05,27.3,,
338,,11/29/24 7:25:02,anonymous,,,27-11-2024,Syrup,3900,974300,54.95,0.7,12.98,125300,99.8,7069.94,0,144898,54.25,2115.75,136254.3,126464.14,0.9281,125049.4,0.988813113,0.917764797,32.13,32.06,2143.05,27.3,,
337,,11/27/24 5:17:20,anonymous,,,26-11-2024,Syrup,3900,974500,54.8,1.1,12.96,125300,99.8,7069.94,0,262598,53.7,2094.3,134872.92,126295.2,0.9364,125049.4,0.990135809,0.927164623,32.13,32.06,2137.2,42.9,,
336,,11/26/24 5:25:06,anonymous,,,25-11-2024,Syrup,3900,974500,54.8,1.1,12.96,125300,99.8,7069.94,0,137298,53.7,2094.3,134872.92,126295.2,0.9364,125049.4,0.990135809,0.927164623,32.13,32.06,2137.2,42.9,,
335,,11/25/24 5:38:49,anonymous,,,24-11-2024,Syrup,3950,978200,54.8,1.1,12.96,126000,99.8,7069.94,0,277998,53.7,2121.15,136602.06,126774.72,0.9281,125748,0.991901224,0.920542487,31.9,31.83,2164.6,43.45,,
334,,11/24/24 4:59:41,anonymous,,,23-11-2024,Syrup,3950,978900,54.95,1.3,12.94,125600,99.8,7069.94,0,152398,53.65,2119.175,136474.87,126669.66,0.9282,125348.8,0.989572404,0.918475321,31.8,31.73,2170.525,51.35,,
333,,11/23/24 7:32:38,anonymous,,,22-11-2024,Syrup,3950,978900,54.95,1.32,12.94,125600,99.8,7069.94,0,263798,53.63,2118.385,136423.994,126669.66,0.9285,125348.8,0.989572404,0.918817844,31.8,31.73,2170.525,52.14,,
332,,11/22/24 10:42:36,anonymous,,,21-11-2024,Syrup,3950,977300,54.95,1.3,12.96,125600,99.8,7069.94,0,138198,53.65,2119.175,136474.87,126658.08,0.9281,125348.8,0.989662878,0.918475321,31.8,31.73,2170.525,51.35,,
331,,11/21/24 6:25:34,anonymous,,,20-11-2024,Syrup,4000,981300,54.95,1.39,12.96,125600,99.8,7069.94,0,256598,53.56,2142.4,137970.56,127176.48,0.9218,125348.8,0.985628789,0.908518455,31.4,31.34,2198,55.6,,
330,,11/20/24 11:27:23,anonymous,,,19-11-2024,Syrup,4000,982500,54.95,1.39,12.94,125600,99.8,7069.94,0,130998,53.56,2142.4,137970.56,127135.5,0.9215,125348.8,0.98594649,0.908518455,31.4,31.34,2198,55.6,,
329,,11/19/24 5:31:28,anonymous,,,18-11-2024,Syrup,4000,982500,54.95,1.39,12.94,125600,99.8,7069.94,0,233398,53.56,2142.4,137970.56,127135.5,0.9215,125348.8,0.98594649,0.908518455,31.4,31.34,2198,55.6,,
328,,11/18/24 7:07:48,anonymous,,,17-11-2024,Syrup,3400,837100,54.35,1.1,12.84,106200,99.8,7069.94,0,107798,53.25,1810.5,116596.2,107483.64,0.9218,105987.6,0.986081231,0.909014187,31.24,31.17,1847.9,37.4,,
327,,11/17/24 5:32:09,anonymous,,,16-11-2024,Syrup,3950,984200,54.35,0.98,12.7,123500,99.8,7069.94,0,260598,53.37,2108.115,135762.606,124993.4,0.9207,123253,0.986076065,0.907856763,31.27,31.2,2146.825,38.71,,
326,,11/16/24 4:26:31,anonymous,,,15-11-2024,Syrup,3800,958600,54.35,0.41,12.72,120700,99.8,7069.94,0,137098,53.94,2049.72,132001.968,121933.92,0.9237,120458.6,0.98790066,0.912551546,31.76,31.7,2065.3,15.58,,
325,11/15/2024 11:10,11/15/2024 11:12,anonymous,,,14-11-2024,Syrup,3750,951100,54.95,0.26,12.82,120700,99.8,7069.94,0,252398,54.69,2050.875,132076.35,121931.02,0.9232,120458.6,0.987924156,0.912037621,32.19,32.12,2060.625,9.75,,
324,11/14/2024 10:58,11/14/2024 10:59,anonymous,,,13-11-2024,Syrup,3850,977600,55.2,0.17,12.91,125100,99.8,7069.94,0,211698,55.03,2118.655,136441.382,126208.16,0.925,124849.8,0.989237146,0.915043502,32.49,32.43,2125.2,6.545,,
323,11/13/2024 9:51,11/13/2024 9:53,anonymous,,,12-11-2024,Syrup,3850,979200,55.3,0.2,12.88,125100,99.8,7069.94,0,269598,55.1,2121.35,136614.94,126120.96,0.9232,124849.8,0.989921104,0.913881015,32.49,32.43,2129.05,7.7,,
322,11-12-2024 11:09,11-12-2024 11:12,anonymous,,,11-11-2024,Syrup,3700,942700,55.3,0.21,12.84,120000,99.8,7069.94,0,144498,55.09,2038.33,131268.452,121042.68,0.9221,119760,0.989403077,0.912328882,32.43,32.37,2046.1,7.77,,
321,11-11-2024 10:55,11-11-2024 10:56,anonymous,,,10-11-2024,Syrup,3850,978200,55.3,0.2,12.9,125100,99.8,7069.94,0,283498,55.1,2121.35,136614.94,126187.8,0.9237,124849.8,0.989396756,0.913881015,32.49,32.43,2129.05,7.7,,
320,11-10-2024 10:14,11-10-2024 10:23,anonymous,,,09-11-2024,Syrup,3850,976700,55.55,0.2,12.98,125600,99.8,7069.94,0,158398,55.35,2130.975,137234.79,126775.66,0.9238,125348.8,0.988745,0.913389382,32.62,32.56,2138.675,7.7,,
319,11-10-2024 10:12,11-10-2024 10:14,anonymous,,,08-11-2024,Syrup,3850,976400,55.6,0.21,12.98,125600,99.8,7069.94,0,383798,55.39,2132.515,137333.966,126736.72,0.9228,125348.8,0.989048793,0.912729776,32.62,32.56,2140.6,8.085,,
318,,11-08-2024 04:21,anonymous,,,07-11-2024,Syrup,3850,976300,55.6,0.19,12.98,125600,99.8,7069.94,0,258198,55.41,2133.285,137383.554,126723.74,0.9224,125348.8,0.989150099,0.91240033,32.62,32.56,2140.6,7.315,,
317,,11-07-2024 04:18,anonymous,,,06-11-2024,Syrup,3850,976200,55.6,0.19,12.98,125600,99.8,7069.94,0,338598,55.41,2133.285,137383.554,126710.76,0.9223,125348.8,0.989251426,0.91240033,32.62,32.56,2140.6,7.315,,
316,,11-06-2024 05:34,anonymous,,,05-11-2024,Syrup,3850,977000,55.6,0.19,12.95,125500,99.8,7069.94,0,686998,55.41,2133.285,137383.554,126521.5,0.9209,125249,0.989942421,0.911673897,32.6,32.53,2140.6,7.315,,
315,,11-05-2024 05:12,anonymous,,,04-11-2024,Syrup,3850,976700,55.42,0.18,12.96,125500,99.8,7069.94,0,665498,55.24,2126.74,136962.056,126580.32,0.9242,125249,0.989482409,0.914479555,32.6,32.53,2133.67,6.93,,
314,,11-04-2024 07:56,anonymous,,,03-11-2024,Syrup,3850,976500,55.6,0.18,12.96,125500,99.8,7069.94,0,539998,55.42,2133.67,137408.348,126554.4,0.921,125249,0.989685068,0.911509394,32.6,32.53,2140.6,6.93,,
313,,11-04-2024 04:04,anonymous,,,02-11-2024,Syrup,3850,976600,55.6,0.18,12.96,125500,99.8,7069.94,0,414498,55.42,2133.67,137408.348,126567.36,0.9211,125249,0.989583728,0.911509394,32.6,32.53,2140.6,6.93,,
312,,11-02-2024 07:34,anonymous,,,01-11-2024,Syrup,3850,976400,55.6,0.18,12.97,125500,99.8,7069.94,0,288998,55.42,2133.67,137408.348,126639.08,0.9216,125249,0.989023294,0.911509394,32.6,32.53,2140.6,6.93,,
311,,11-01-2024 08:53,anonymous,,,31-10-2024,Syrup,3900,988000,54.95,0.21,12.81,125126,99.8,7069.94,0,163498,54.74,2134.86,137484.984,126562.8,0.9206,124875.9476,0.986671815,0.908287901,32.08,32.02,2143.05,8.19,,
310,,10/31/24 5:46:33,anonymous,,,30-10-2024,Syrup,1200,304000,54.95,0.21,12.8,38500,99.8,7069.94,0,38500,54.74,656.88,42303.072,38912,0.9198,38423,0.987433183,0.908279191,32.08,32.02,659.4,2.52,,
309,,10/30/24 5:43:57,anonymous,,,29-10-2024,Syrup,0,0,0,0,0,0,0,7069.94,0,0,0,0,0,0,,0,,,,,0,0,,
308,,10/29/24 5:48:32,anonymous,,,28-10-2024,Syrup,0,0,0,0,0,0,0,7069.94,0,0,0,0,0,0,,0,,,,,0,0,,
307,,10/28/24 4:43:35,anonymous,,,27-10-2024,Syrup,0,0,0,0,0,0,0,7069.94,0,0,0,0,0,0,,0,,,,,0,0,,
306,,10/27/24 5:53:31,anonymous,,,26-10-2024,Syrup,0,0,0,0,0,0,0,7069.94,0,0,0,0,0,0,,0,,,,,0,0,,
305,,10/26/24 4:24:48,anonymous,,,25-10-2024,Syrup,0,0,0,0,0,0,0,7069.94,0,0,0,0,0,0,,0,,,,,0,0,,
304,,10/25/24 5:04:31,anonymous,,,24-10-2024,Syrup,0,0,0,0,0,0,0,7069.94,0,0,0,0,0,0,,0,,,,,0,0,,
303,,10/24/24 4:30:12,anonymous,,,23-10-2024,Syrup,0,0,0,0,0,0,0,7069.94,0,0,0,0,0,0,,0,,,,,0,0,,
302,,10/23/24 4:45:46,anonymous,,,22-10-2024,B Heavy,0,0,0,0,0,0,0,7069.94,0,0,0,0,0,0,,0,,,,,0,0,,
301,,10/22/24 5:38:09,anonymous,,,21-10-2024,B Heavy,0,0,0,0,0,0,0,7069.94,0,0,0,0,0,0,,0,,,,,0,0,,
300,,10/21/24 4:41:49,anonymous,,,20-10-2024,B Heavy,0,0,0,0,0,0,0,7069.94,0,0,0,0,0,0,,0,,,,,0,0,,
299,,10/21/24 4:41:19,anonymous,,,19-10-2024,B Heavy,0,0,0,0,0,0,0,7069.94,0,0,0,0,0,0,,0,,,,,0,0,,
298,,10/19/24 5:09:38,anonymous,,,18-10-2024,B Heavy,0,0,0,0,0,0,0,7069.94,0,0,0,0,0,0,,0,,,,,0,0,,
297,,10/18/24 4:40:51,anonymous,,,17-10-2024,B Heavy,0,0,0,0,0,0,0,7069.94,0,0,0,0,0,0,,0,,,,,0,0,,
296,,10/17/24 5:35:41,anonymous,,,16-10-2024,B Heavy,0,0,0,0,0,0,0,7069.94,0,0,0,0,0,0,,0,,,,,0,0,,
295,,10/15/24 4:42:46,anonymous,,,14-10-2024,B Heavy,0,0,0,0,0,0,0,7069.94,0,0,0,0,0,0,,0,,,,,0,0,,
293,,10/15/24 4:41:26,anonymous,,,13-10-2024,B Heavy,0,0,0,0,0,0,0,7069.94,0,0,0,0,0,0,,0,,,,,0,0,,
291,,10/15/24 4:40:04,anonymous,,,12-10-2024,B Heavy,0,0,0,0,0,0,0,7069.94,0,0,0,0,0,0,,0,,,,,0,0,,
290,,10/15/24 4:39:30,anonymous,,,11-10-2024,B Heavy,0,0,0,0,0,0,0,7069.94,0,0,0,0,0,0,,0,,,,,0,0,,
289,,10-11-2024 05:26,anonymous,,,10-10-2024,B Heavy,0,0,0,0,0,0,0,7069.94,0,0,0,0,0,0,,0,,,,,0,0,,
288,,10-10-2024 04:41,anonymous,,,09-10-2024,B Heavy,0,0,0,0,0,0,0,7069.94,0,0,0,0,0,0,,0,,,,,0,0,,
286,,10-09-2024 04:34,anonymous,,,08-10-2024,B Heavy,0,0,0,0,0,0,0,7069.94,0,0,0,0,0,0,,0,,,,,0,0,,
287,,10-09-2024 04:35,anonymous,,,07-10-2024,B Heavy,0,0,0,0,0,0,0,7069.94,0,0,0,0,0,0,,0,,,,,0,0,,
285,,10-07-2024 04:35,anonymous,,,06-10-2024,B Heavy,0,0,0,0,0,0,0,7069.94,0,0,0,0,0,0,,0,,,,,0,0,,
284,,10-06-2024 06:27,anonymous,,,05-10-2024,B Heavy,0,0,0,0,0,0,0,7069.94,0,0,0,0,0,0,,0,,,,,0,0,,
283,,10-04-2024 04:40,anonymous,,,03-10-2024,B Heavy,0,0,0,0,0,0,0,7069.94,0,0,0,0,0,0,,0,,,,,0,0,,
282,,10-03-2024 04:43,anonymous,,,02-10-2024,B Heavy,0,0,0,0,0,0,0,7069.94,0,0,0,0,0,0,,0,,,,,0,0,,
281,,10-02-2024 05:43,anonymous,,,01-10-2024,B Heavy,0,0,0,0,0,0,0,7069.94,0,0,0,0,0,0,,0,,,,,0,0,,
280,,10-01-2024 04:06,anonymous,,,30-09-2024,B Heavy,0,0,0,0,0,0,0,7069.94,0,0,0,0,0,0,,0,,,,,0,0,,
279,,9/30/24 3:56:09,anonymous,,,29-09-2024,B Heavy,0,0,0,0,0,0,0,7069.94,0,0,0,0,0,0,,0,,,,,0,0,,
278,,9/29/24 4:29:33,anonymous,,,28-09-2024,B Heavy,0,0,0,0,0,0,0,7069.94,0,0,0,0,0,0,,0,,,,,0,0,,
277,,9/28/24 4:17:43,anonymous,,,27-09-2024,B Heavy,0,0,0,0,0,0,0,7069.94,0,378971.8,0,0,0,0,,0,,,,,0,0,,
276,,9/27/24 7:43:56,anonymous,,,26-09-2024,B Heavy,0,0,0,0,0,0,0,7069.94,0,658971.8,0,0,0,0,,0,,,,,0,0,,
275,,9/26/24 4:38:05,anonymous,,,25-09-2024,B Heavy,0,0,0,0,0,0,0,7069.94,0,733971.8,0,0,0,0,,0,,,,,0,0,,
274,,9/25/24 4:29:27,anonymous,,,24-09-2024,B Heavy,0,0,0,0,0,0,0,7069.94,0,733971.8,0,0,0,0,,0,,,,,0,0,,
273,,9/24/24 4:19:01,anonymous,,,23-09-2024,B Heavy,0,0,0,0,0,0,0,7069.94,0,733971.8,0,0,0,0,,0,,,,,0,0,,
272,,9/23/24 4:11:40,anonymous,,,22-09-2024,B Heavy,0,0,0,0,0,0,0,7069.94,0,733971.8,0,0,0,0,,0,,,,,0,0,,
271,,9/21/24 4:49:55,anonymous,,,20-09-2024,B Heavy,0,0,0,0,0,0,0,7069.94,0,891971.8,0,0,0,0,,0,,,,,0,0,,
270,,9/19/24 4:35:25,anonymous,,,18-09-2024,B Heavy,0,0,0,0,0,0,0,7069.94,0,1460971.8,0,0,0,0,,0,,,,,0,0,,
269,,9/18/24 4:00:26,anonymous,,,17-09-2024,B Heavy,0,0,0,0,0,0,0,7069.94,0,1780871.8,0,0,0,0,,0,,,,,0,0,,
268,,9/18/24 3:59:09,anonymous,,,16-09-2024,B Heavy,0,0,0,0,0,0,0,7069.94,0,1780971.8,0,0,0,0,,0,,,,,0,0,,
267,,9/16/24 6:09:52,anonymous,,,15-09-2024,B Heavy,0,0,0,0,0,0,0,7069.94,0,1780971.8,0,0,0,0,,0,,,,,0,0,,
266,,9/14/24 10:20:12,anonymous,,,13-09-2024,B Heavy,0,0,0,0,0,0,0,7069.94,0,1989971.8,0,0,0,0,,0,,,,,0,0,,
265,,9/13/24 7:22:14,anonymous,,,12-09-2024,B Heavy,0,0,0,0,0,0,0,7069.94,0,2227971.8,0,0,0,0,,0,,,,,0,0,,
264,,09-12-2024 04:31,anonymous,,,11-09-2024,B Heavy,0,0,0,0,0,0,0,7069.94,0,2227971.8,0,0,0,0,,0,,,,,0,0,,
263,,09-11-2024 05:10,anonymous,,,10-09-2024,B Heavy,0,0,0,0,0,0,0,7069.94,0,2338268.8,0,0,0,0,,0,,,,,0,0,,
262,,09-10-2024 06:00,anonymous,,,09-09-2024,B Heavy,0,0,0,0,0,0,0,7069.94,0,2528268.8,0,0,0,0,,0,,,,,0,0,,
261,,09-09-2024 03:54,anonymous,,,08-09-2024,B Heavy,0,0,0,0,0,0,0,7069.94,0,2562268.8,0,0,0,0,,0,,,,,0,0,,
260,,09-08-2024 04:19,anonymous,,,07-09-2024,B Heavy,0,0,0,0,0,0,0,7069.94,0,2562268.8,0,0,0,0,,0,,,,,0,0,,
259,,09-07-2024 05:22,anonymous,,,06-09-2024,B Heavy,0,0,0,0,0,0,0,7069.94,0,2562268.8,0,0,0,0,,0,,,,,0,0,,
258,,09-06-2024 04:46,anonymous,,,05-09-2024,B Heavy,0,0,0,0,0,0,0,7069.94,0,2825268.8,0,0,0,0,,0,,,,,0,0,,
257,,09-05-2024 04:21,anonymous,,,04-09-2024,B Heavy,0,0,0,0,0,0,0,7069.94,0,2825268.8,0,0,0,0,,0,,,,,0,0,,
256,,09-04-2024 04:20,anonymous,,,03-09-2024,B Heavy,0,0,0,0,0,0,0,7069.94,0,2825268.8,0,0,0,0,,0,,,,,0,0,,
255,,09-03-2024 04:36,anonymous,,,02-09-2024,None,0,0,0,0,0,0,0,7069.94,0,2883268.8,0,0,0,0,,0,,,,,0,0,,
254,,09-02-2024 06:55,anonymous,,,01-09-2024,None,0,0,0,0,0,0,0,7069.94,0,2883268.8,0,0,0,0,,0,,,,,0,0,,
253,,09-01-2024 03:58,anonymous,,,31-08-2024,None,0,0,0,0,0,0,0,7069.94,0,2883268.8,0,0,0,0,,0,,,,,0,0,,
252,,8/31/24 5:34:50,anonymous,,,30-08-2024,None,0,0,0,0,0,0,0,7069.73,0,2885290.5,0,0,0,0,,0,,,,,0,0,,
251,,8/30/24 4:11:32,anonymous,,,29-08-2024,None,0,0,0,0,0,0,0,7069.73,0,2885290.5,0,0,0,0,,0,,,,,0,0,,
250,,8/29/24 4:58:06,anonymous,,,28-08-2024,None,0,0,0,0,0,0,0,7069.73,0,2885290.5,0,0,0,0,,0,,,,,0,0,,
249,,8/28/24 4:03:54,anonymous,,,27-08-2024,None,0,0,0,0,0,0,0,7069.73,0,2885290.5,0,0,0,0,,0,,,,,0,0,,
248,,8/27/24 4:26:10,anonymous,,,26-08-2024,None,0,0,0,0,0,0,0,7069.73,0,3015290.5,0,0,0,0,,0,,,,,0,0,,
247,,8/26/24 5:18:12,anonymous,,,25-08-2024,C Heavy,4600,987150,43.35,5.24,10.3,100366.8,99.8,7069.73,0,3015290.5,38.11,1753.06,112897.064,101676.45,0.9006,100166.0664,0.985145197,0.887233581,21.82,21.78,1994.1,241.04,,
246,,8/25/24 4:56:14,anonymous,,,24-08-2024,C Heavy,3000,649000,43.35,4.98,10.3,66000,99.8,8206.86,4700,2914923.7,38.37,1151.1,74130.84,66847,0.9017,65868,0.985354616,0.888537078,22,21.96,1300.5,149.4,,
244,,8/24/24 6:05:22,anonymous,,,23-08-2024,B Heavy,3300,856900,54.9,1.51,12.28,104100,99.8,9656.86,7700,2803314.7,53.39,1761.87,113464.428,105227.32,0.9274,103891.8,0.987308239,0.915633224,31.55,31.48,1811.7,49.83,,
243,,8/23/24 4:35:58,anonymous,,,22-08-2024,B Heavy,3300,856800,54.94,1.47,12.3,104200,99.8,12956.86,7700,2699214.7,53.47,1764.51,113634.444,105386.4,0.9274,103991.6,0.986764896,0.915141539,31.58,31.51,1813.02,48.51,,
242,,8/22/24 5:46:12,anonymous,,,21-08-2024,B Heavy,3300,857300,54.96,1.45,12.3,104300,99.8,12110.06,7700,2595014.7,53.51,1765.83,113719.452,105447.9,0.9273,104091.4,0.987135827,0.915335048,31.61,31.54,1813.68,47.85,,
241,,8/21/24 4:48:59,anonymous,,,20-08-2024,B Heavy,3200,831400,55.07,1.45,12.33,101400,99.8,15410.06,7700,2490714.7,53.62,1715.84,110500.096,102511.62,0.9277,101197.2,0.987177844,0.915810969,31.69,31.62,1762.24,46.4,,
240,,8/20/24 11:42:07,anonymous,,,19-08-2024,B Heavy,3150,819800,55.07,1.45,12.32,100000,99.8,16524.26,7700,2594314.7,53.62,1689.03,108773.532,100999.36,0.9285,99800,0.988125073,0.917502615,31.75,31.68,1734.705,45.675,,
239,,8/19/24 4:34:07,anonymous,,,18-08-2024,B Heavy,1600,415800,55.07,1.48,12.32,50700,99.8,16315.86,7700,2494314.7,53.59,857.44,55219.136,51226.56,0.9277,50598.6,0.987741515,0.916323645,31.69,31.62,881.12,23.68,,
238,,8/18/24 7:15:18,anonymous,,,17-08-2024,B Heavy,3200,833100,55.07,1.36,12.32,101500,99.8,11221.46,7700,2596614.7,53.71,1718.72,110685.568,102637.92,0.9273,101297,0.986935433,0.915178029,31.72,31.66,1762.24,43.52,,
237,,8/17/24 4:22:51,anonymous,,,16-08-2024,B Heavy,3150,820700,55.07,1.36,12.32,100000,99.8,14421.46,0,2707114.7,53.71,1691.865,108956.106,101110.24,0.928,99800,0.987041471,0.915965187,31.75,31.68,1734.705,42.84,,
236,,8/16/24 4:24:30,anonymous,,,15-08-2024,B Heavy,3750,977500,55.07,1.35,12.32,119200,99.8,15571.46,0,2607114.7,53.72,2014.5,129733.8,120428,0.9283,118961.6,0.98782343,0.916966897,31.79,31.72,2065.125,50.625,,
235,,8/15/24 4:12:12,anonymous,,,14-08-2024,B Heavy,3750,977400,55.07,1.35,12.32,119200,99.8,18334.46,0,2487914.7,53.72,2014.5,129733.8,120415.68,0.9282,118961.6,0.987924496,0.916966897,31.79,31.72,2065.125,50.625,,
234,,8/14/24 5:11:21,anonymous,,,13-08-2024,B Heavy,3750,977600,55.07,1.35,12.32,119300,99.8,22084.46,0,2397714.7,53.72,2014.5,129733.8,120440.32,0.9284,119061.4,0.98855101,0.917736164,31.81,31.75,2065.125,50.625,,
233,,8/13/24 5:02:16,anonymous,,,12-08-2024,B Heavy,3750,977500,55.07,1.35,12.32,119300,99.8,22917.26,0,2278414.7,53.72,2014.5,129733.8,120428,0.9283,119061.4,0.988652141,0.917736164,31.81,31.75,2065.125,50.625,,
232,,08-12-2024 03:34,anonymous,,,11-08-2024,B Heavy,3700,968600,55.3,1.3,12.34,118400,99.8,24104.86,0,2159114.7,54,1998,128671.2,119525.24,0.9289,118163.2,0.988604583,0.918334484,32,31.94,2046.1,48.1,,
231,,08-11-2024 04:53,anonymous,,,10-08-2024,B Heavy,3700,968500,55.3,1.3,12.34,118400,99.8,23345.26,0,2040714.7,54,1998,128671.2,119512.9,0.9288,118163.2,0.988706658,0.918334484,32,31.94,2046.1,48.1,,
230,,08-10-2024 04:59,anonymous,,,09-08-2024,B Heavy,3700,968400,55.3,1.3,12.34,118400,99.8,21550.26,0,1922314.7,54,1998,128671.2,119500.56,0.9287,118163.2,0.988808755,0.918334484,32,31.94,2046.1,48.1,,
229,,08-09-2024 05:13,anonymous,,,08-08-2024,B Heavy,3700,967700,55.32,1.28,12.35,118400,99.8,21265.86,0,1803914.7,54.04,1999.48,128766.512,119510.95,0.9281,118163.2,0.988722791,0.917654739,32,31.94,2046.84,47.36,,
228,,08-08-2024 05:04,anonymous,,,07-08-2024,B Heavy,3300,863100,55.32,1.28,12.35,105500,99.8,21711.26,0,1685514.7,54.04,1783.32,114845.808,106592.85,0.9281,105289,0.987767941,0.916785748,31.97,31.91,1825.56,42.24,,
227,,08-07-2024 04:52,anonymous,,,06-08-2024,B Heavy,3700,967700,55.32,1.28,12.35,118400,99.8,23504.26,0,1654273.6,54.04,1999.48,128766.512,119510.95,0.9281,118163.2,0.988722791,0.917654739,32,31.94,2046.84,47.36,,
226,,08-06-2024 04:24,anonymous,,,05-08-2024,B Heavy,3700,967800,55.32,1.28,12.35,118400,99.8,26788.46,0,1575873.6,54.04,1999.48,128766.512,119523.3,0.9282,118163.2,0.988620629,0.917654739,32,31.94,2046.84,47.36,,
225,,08-05-2024 04:35,anonymous,,,04-08-2024,B Heavy,3700,967600,55.32,1.28,12.35,118400,99.8,25026.36,0,1457473.6,54.04,1999.48,128766.512,119498.6,0.928,118163.2,0.988824974,0.917654739,32,31.94,2046.84,47.36,,
224,,08-04-2024 04:42,anonymous,,,03-08-2024,B Heavy,3700,967400,55.46,1.22,12.4,118800,99.8,28322.96,0,1339073.6,54.24,2006.88,129243.072,119957.6,0.9282,118562.4,0.988369224,0.91735981,32.11,32.04,2052.02,45.14,,
223,,08-03-2024 04:52,anonymous,,,02-08-2024,B Heavy,3600,941300,55.46,1.22,12.4,115600,99.8,23741.96,0,1220273.6,54.24,1952.64,125750.016,116721.2,0.9282,115368.8,0.988413416,0.917445609,32.11,32.05,1996.56,43.92,,
222,,08-02-2024 05:37,anonymous,,,01-08-2024,B Heavy,1700,443800,55.46,1.24,12.42,54600,99.8,18167.16,0,1104673.6,54.22,921.74,59360.056,55119.96,0.9286,54490.8,0.988585623,0.917970832,32.12,32.05,942.82,21.08,,
221,,08-01-2024 09:58,anonymous,,,31-07-2024,B Heavy,1650,431400,55.48,1.2,12.42,53088,99.8,16597.36,0,1050073.6,54.28,895.62,57677.928,53579.88,0.9289,52981.4248,0.988830598,0.918573649,32.17,32.11,915.42,19.8,,
220,,7/31/24 4:31:10,anonymous,,,30-07-2024,B Heavy,3500,914200,55.48,1.2,12.42,112400,99.8,14045.5,0,1192705,54.28,1899.8,122347.12,113543.64,0.928,112175.2,0.987947894,0.91686016,32.11,32.05,1941.8,42,,
219,,7/30/24 4:25:39,anonymous,,,29-07-2024,B Heavy,3300,862100,55.48,1.2,12.42,106000,99.8,14270.7,0,1337305,54.28,1791.24,115355.856,107072.82,0.9282,105788,0.988000503,0.917057908,32.12,32.06,1830.84,39.6,,
218,,7/29/24 5:03:30,anonymous,,,28-07-2024,B Heavy,3200,836100,55.48,1.2,12.42,102800,99.8,11546.6,0,1440305,54.28,1736.96,111860.224,103843.62,0.9283,102594.4,0.987970181,0.917166052,32.13,32.06,1775.36,38.4,,
217,,7/28/24 5:05:06,anonymous,,,27-07-2024,B Heavy,3150,824500,55.48,1.2,12.4,101200,99.8,11583,0,1337505,54.28,1709.82,110112.408,102238,0.9285,100997.6,0.987867525,0.917222698,32.13,32.06,1747.62,37.8,,
216,,7/27/24 5:14:07,anonymous,,,26-07-2024,B Heavy,3150,824200,55.48,1.2,12.4,101200,99.8,10178.4,0,1702305,54.28,1709.82,110112.408,102200.8,0.9281,100997.6,0.988227098,0.917222698,32.13,32.06,1747.62,37.8,,
215,,7/26/24 10:27:46,anonymous,,,25-07-2024,B Heavy,3200,837300,55.48,1.21,12.4,102800,99.8,10915.2,0,1831105,54.27,1736.64,111839.616,103825.2,0.9283,102594.4,0.98814546,0.917335052,32.13,32.06,1775.36,38.72,,
214,,7/25/24 5:10:39,anonymous,,,24-07-2024,B Heavy,3600,941800,55.48,1.21,12.4,115700,99.8,10126.8,0,1908305,54.27,1953.72,125819.568,116783.2,0.9282,115468.6,0.988743244,0.917731652,32.14,32.07,1997.28,43.56,,
213,,7/24/24 4:58:02,anonymous,,,23-07-2024,B Heavy,3600,939600,55.5,1.21,12.43,115700,99.8,7992,0,1855605,54.29,1954.44,125865.936,116792.28,0.9279,115468.6,0.988666374,0.917393567,32.14,32.07,1998,43.56,,
212,,7/23/24 4:31:05,anonymous,,,22-07-2024,B Heavy,3600,939700,55.5,1.21,12.43,115700,99.8,9612.3,0,1739905,54.29,1954.44,125865.936,116804.71,0.928,115468.6,0.988561163,0.917393567,32.14,32.07,1998,43.56,,
211,,7/22/24 4:57:16,anonymous,,,21-07-2024,B Heavy,3600,939500,55.5,1.21,12.43,115600,99.8,9950.9,0,1727205,54.29,1954.44,125865.936,116779.85,0.9278,115368.8,0.987917008,0.91660066,32.11,32.05,1998,43.56,,
210,,7/21/24 4:58:06,anonymous,,,20-07-2024,B Heavy,3600,939800,55.5,1.12,12.43,115600,99.8,11486.4,0,1611605,54.38,1957.68,126074.592,116817.14,0.9266,115368.8,0.987601648,0.915083667,32.11,32.05,1998,40.32,,
209,,7/20/24 6:08:10,anonymous,,,19-07-2024,B Heavy,3500,912700,55.5,1.1,12.45,112400,99.8,8880.5,0,1496005,54.4,1904,122617.6,113631.15,0.9267,112175.2,0.987187052,0.914837674,32.11,32.05,1942.5,38.5,,
208,,7/20/24 6:06:24,anonymous,,,18-07-2024,B Heavy,3600,938600,55.5,1.1,12.45,115600,99.8,10705.9,0,1423605,54.4,1958.4,126120.96,116855.7,0.9265,115368.8,0.98727576,0.914747239,32.11,32.05,1998,39.6,,
,,,,,,17-07-2024,B Heavy,1600,418500,55.5,1.1,12.43,51400,99.8,7795.4,0,1453005,54.4,870.4,56053.76,52019.55,0.928,51297.2,0.986113874,0.915142891,32.13,32.06,888,17.6,,
,,,,,,16-07-2024,C Heavy,5100,1136900,45.24,4.98,10.5,118100,99.8,9395.4,2751.67,1340224.6,40.26,2053.26,132229.944,119374.5,0.9028,117863.8,0.987344868,0.891354836,23.16,23.11,2307.24,253.98,,
,,,,,,15-07-2024,C Heavy,4600,1025600,45.24,4.98,10.5,106500,99.8,8348,7851.67,1262124.6,40.26,1851.96,119266.224,107688,0.9029,106287,0.986990194,0.891174353,23.15,23.11,2081.04,229.08,,
,,,,,,14-07-2024,C Heavy,4600,1025700,45.24,4.98,10.5,106500,99.8,7522.2,12451.67,1195624.6,40.26,1851.96,119266.224,107698.5,0.903,106287,0.986893968,0.891174353,23.15,23.11,2081.04,229.08,,
,,,,,,13-07-2024,C Heavy,4600,1025800,45.24,4.98,10.5,106500,99.8,7274.6,17051.67,1089124.6,40.26,1851.96,119266.224,107709,0.9031,106287,0.986797761,0.891174353,23.15,23.11,2081.04,229.08,,
,,,,,,12-07-2024,C Heavy,4600,1025600,45.24,4.98,10.5,106500,99.8,6040,21651.67,1170624.6,40.26,1851.96,119266.224,107688,0.9029,106287,0.986990194,0.891174353,23.15,23.11,2081.04,229.08,,
,,,,,,11-07-2024,C Heavy,4600,1023400,45.24,4.98,10.52,106400,99.8,6040,26251.67,1234124.6,40.26,1851.96,119266.224,107661.68,0.9027,106187.2,0.986304505,0.89033757,23.13,23.08,2081.04,229.08,,
,,,,,,10-07-2024,C Heavy,4600,1023400,45.24,4.98,10.52,106400,99.8,4705.4,30851.67,1127724.6,40.26,1851.96,119266.224,107661.68,0.9027,106187.2,0.986304505,0.89033757,23.13,23.08,2081.04,229.08,,
198,,07-10-2024 04:59,anonymous,,,09-07-2024,C Heavy,4000,889600,45.24,4.98,10.52,92400,99.8,4705.4,35451.67,1090324.6,40.26,1610.4,103709.76,93585.92,0.9024,92215.2,0.985353352,0.889166073,23.1,23.05,1809.6,199.2,,
,,,,,,08-07-2024,B Heavy,3650,931700,54.87,1.42,12.42,114400,99.8,5155.4,39451.67,983837.4,53.45,1950.925,125639.57,115717.14,0.921,114171.2,0.986640354,0.908720079,31.34,31.28,2002.755,51.83,,
196,,07-08-2024 05:18,anonymous,,,07-07-2024,B Heavy,3200,825200,55.12,1.31,12.46,101800,99.8,8805.4,39451.67,869437.4,53.81,1721.92,110891.648,102819.92,0.9272,101596.4,0.98810036,0.916177204,31.81,31.75,1763.84,41.92,,
195,,07-07-2024 05:20,anonymous,,,06-07-2024,B Heavy,3600,921500,54.87,1.4,12.42,113100,99.8,12005.4,39451.67,767637.4,53.47,1924.92,123964.848,114450.3,0.9232,112873.8,0.986225462,0.910530701,31.42,31.35,1975.32,50.4,,
194,,07-06-2024 04:52,anonymous,,,05-07-2024,B Heavy,3600,942200,55.84,1.22,12.5,116600,99.8,13498.6,39451.67,751537.4,54.62,1966.32,126631.008,117775,0.9301,116366.8,0.988043303,0.91894396,32.39,32.32,2010.24,43.92,,
193,,07-05-2024 04:32,anonymous,,,04-07-2024,B Heavy,3700,946100,54.87,1.42,12.42,116300,99.8,17098.6,39451.7,634937.4,53.45,1977.65,127360.66,117505.62,0.9226,116067.4,0.987760415,0.911328506,31.43,31.37,2030.19,52.54,,
192,,07-04-2024 05:00,anonymous,,,03-07-2024,B Heavy,3650,952200,55.84,1.21,12.52,118200,99.8,19120.2,39451.67,691637.4,54.63,1993.995,128413.278,119215.44,0.9284,117963.6,0.989499347,0.91862463,32.38,32.32,2038.16,44.165,,
191,,07-03-2024 04:35,anonymous,,,02-07-2024,B Heavy,3500,911800,55.86,1.2,12.54,113300,99.8,20887.3,39451.67,1025437.4,54.66,1913.1,123203.64,114339.72,0.9281,113073.4,0.988924934,0.917776455,32.37,32.31,1955.1,42,,
,,,,,,01-07-2024,B Heavy,2950,768700,55.86,1.2,12.54,95500,99.8,21627.1,39451.67,912137.4,54.66,1612.47,103843.068,96394.98,0.9283,95309,0.988734061,0.917817644,32.37,32.31,1647.87,35.4,,
190,,07-01-2024 06:16,anonymous,,,30-06-2024,B Heavy,3500,911700,55.86,1.2,12.54,113238,9.8,23701.3,39451.67,1294637.4,54.66,1913.1,123203.64,114327.18,0.928,11097.2946,0.09706611,0.090072782,32.35,3.17,1955.1,42,,
189,,6/30/24 4:33:26,anonymous,,,29-06-2024,B Heavy,3500,911600,55.86,1.2,12.54,113200,99.8,25473.43,39681.5,1185757.7,54.66,1913.1,123203.64,114314.64,0.9279,112973.6,0.988268869,0.916966414,32.34,32.28,1955.1,42,,
188,,6/29/24 4:14:16,anonymous,,,28-06-2024,B Heavy,3500,897800,55.03,1.36,12.42,110300,99.8,28724.13,39681.5,1072557.7,53.67,1878.45,120972.18,111506.76,0.9218,110079.4,0.987199341,0.909956322,31.51,31.45,1926.05,47.6,,
187,,6/28/24 4:36:34,anonymous,,,27-06-2024,B Heavy,3350,860100,55.03,1.36,12.42,105500,99.8,26446.33,39681.5,1049257.7,53.67,1797.945,115787.658,106824.42,0.9226,105289,0.985626695,0.90932835,31.49,31.43,1843.505,45.56,,
186,,6/27/24 5:28:19,anonymous,,,26-06-2024,B Heavy,3300,844200,55.03,1.36,12.45,104000,99.8,27716.73,39681.5,1376757.7,53.67,1771.11,114059.484,105102.9,0.9215,103792,0.987527461,0.909981322,31.52,31.45,1815.99,44.88,,
185,,6/26/24 5:23:00,anonymous,,,25-06-2024,B Heavy,3250,839000,55.14,1.22,12.45,103200,99.8,29298.73,39681.5,1341757.7,53.92,1752.4,112854.56,104455.5,0.9256,102993.6,0.986004567,0.912622405,31.75,31.69,1792.05,39.65,,
184,,6/25/24 4:44:14,anonymous,,,24-06-2024,B Heavy,3200,835300,55.3,0.87,12.47,103200,99.8,32548.73,39681.5,1655557.7,54.43,1741.76,112169.344,104161.91,0.9286,102993.6,0.988783712,0.9181974,32.25,32.19,1769.6,27.84,,
183,,6/24/24 5:06:00,anonymous,,,23-06-2024,B Heavy,3150,822300,55.3,0.87,12.47,101600,99.8,26748.73,39401.3,2086357.7,54.43,1714.545,110416.698,102540.81,0.9287,101396.8,0.988843369,0.918310381,32.25,32.19,1741.95,27.405,,
182,,6/23/24 5:14:10,anonymous,,,22-06-2024,B Heavy,3450,902600,55.3,0.87,12.45,111300,99.8,29547.73,37842.7,1984757.7,54.43,1877.835,120932.574,112373.7,0.9292,111077.4,0.988464383,0.91850687,32.26,32.2,1907.85,30.015,,
181,,6/22/24 7:28:51,anonymous,,,21-06-2024,B Heavy,3450,902500,55.3,0.87,12.45,111300,99.8,24997.73,36635.3,2168457.7,54.43,1877.835,120932.574,112361.25,0.9291,111077.4,0.988573908,0.91850687,32.26,32.2,1907.85,30.015,,
180,,6/21/24 6:21:29,anonymous,,,20-06-2024,B Heavy,2500,653800,55.3,0.88,12.44,80600,99.8,20447.73,34235.7,2301157.7,54.42,1360.5,87616.2,81332.72,0.9283,80438.8,0.989009097,0.918081359,32.24,32.18,1382.5,22,,
179,,6/20/24 8:24:32,anonymous,,,19-06-2024,B Heavy,2800,730900,55.4,1.01,12.46,90300,99.8,12947.73,33453.5,2404557.7,54.39,1522.92,98076.048,91070.14,0.9286,90119.4,0.989560354,0.918872669,32.25,32.19,1551.2,28.28,,
178,,6/19/24 6:39:43,anonymous,,,18-06-2024,B Heavy,1600,417900,55.4,1.01,12.46,51600,99.8,10747.73,31841.9,2394257.7,54.39,870.24,56043.456,52070.34,0.9291,51496.8,0.988985284,0.918872669,32.25,32.19,886.4,16.16,,
177,,6/18/24 5:27:40,anonymous,,,17-06-2024,B Heavy,3150,822900,55.4,1.01,12.45,101600,99.8,2347.73,29832.9,2342657.7,54.39,1713.285,110335.554,102451.05,0.9285,101396.8,0.98970972,0.918985733,32.25,32.19,1745.1,31.815,,
176,,6/17/24 6:19:29,anonymous,,,16-06-2024,B Heavy,3750,978900,55.4,1,12.47,121000,99.8,5497.73,29832.9,2328057.7,54.4,2040,131376,122068.83,0.9292,120758,0.98926155,0.919178541,32.27,32.2,2077.5,37.5,,
175,,6/16/24 5:15:41,anonymous,,,15-06-2024,B Heavy,3750,977800,55.4,1.02,12.48,121000,99.8,9247.73,29003.1,2207057.7,54.38,2039.25,131327.7,122029.44,0.9292,120758,0.989580875,0.919516599,32.27,32.2,2077.5,38.25,,
174,,6/15/24 4:37:35,anonymous,,,14-06-2024,B Heavy,3750,977600,55.4,1.02,12.48,121000,99.8,12997.73,24572.3,2466057.7,54.38,2039.25,131327.7,122004.48,0.929,120758,0.989783326,0.919516599,32.27,32.2,2077.5,38.25,,
173,,6/14/24 4:56:42,anonymous,,,13-06-2024,B Heavy,3750,976700,55.38,1.02,12.49,121000,99.8,16747.73,23765.9,2345057.7,54.36,2038.5,131279.4,121989.83,0.9292,120758,0.989902191,0.919854905,32.27,32.2,2076.75,38.25,,
172,,6/13/24 4:53:56,anonymous,,,12-06-2024,B Heavy,3750,976700,55.38,1.02,12.49,121000,99.8,20497.73,21414.9,2293057.7,54.36,2038.5,131279.4,121989.83,0.9292,120758,0.989902191,0.919854905,32.27,32.2,2076.75,38.25,,
171,,06-12-2024 05:11,anonymous,,,11-06-2024,B Heavy,1200,311800,55.4,1,12.52,38700,99.8,24247.73,19792.9,2172057.7,54.4,652.8,42040.32,39037.36,0.9286,38622.6,0.989375306,0.918703759,32.25,32.19,664.8,12,,
170,,06-11-2024 04:42,anonymous,,,10-06-2024,B Heavy,2350,611500,55.4,1,12.51,75700,99.8,25447.73,19792.9,2133357.7,54.4,1278.4,82328.96,76498.65,0.9292,75548.6,0.987580827,0.917643075,32.21,32.15,1301.9,23.5,,
169,,06-10-2024 04:30,anonymous,,,09-06-2024,B Heavy,3750,975200,55.4,1,12.51,121000,99.8,27797.73,19792.9,2057657.7,54.4,2040,131376,121997.52,0.9286,120758,0.989839793,0.919178541,32.27,32.2,2077.5,37.5,,
168,,06-09-2024 04:49,anonymous,,,08-06-2024,B Heavy,3550,925200,55.44,0.98,12.5,114500,99.8,25547.73,19792.9,1936657.7,54.46,1933.33,124506.452,115650,0.9289,114271,0.988076092,0.917791794,32.25,32.19,1968.12,34.79,,
167,,06-08-2024 04:49,anonymous,,,07-06-2024,B Heavy,3500,912500,55.44,0.98,12.49,112900,99.8,20097.73,19792.9,2057157.7,54.46,1906.1,122752.84,113971.25,0.9285,112674.2,0.988619498,0.917894853,32.26,32.19,1940.4,34.3,,
166,,06-07-2024 04:30,anonymous,,,06-06-2024,B Heavy,3500,912500,55.44,0.98,12.49,112900,99.8,15597.73,1979239,2259257.7,54.46,1906.1,122752.84,113971.25,0.9285,112674.2,0.988619498,0.917894853,32.26,32.19,1940.4,34.3,,
165,,06-06-2024 05:02,anonymous,,,05-06-2024,B Heavy,3500,912700,55.44,0.98,12.49,112900,99.8,13097.73,19792.9,2290357.7,54.46,1906.1,122752.84,113996.23,0.9287,112674.2,0.988402862,0.917894853,32.26,32.19,1940.4,34.3,,
164,,06-05-2024 04:59,anonymous,,,04-06-2024,B Heavy,3400,887400,55.44,0.98,12.48,109700,99.8,16597.73,19792.9,2487457.7,54.46,1851.64,119245.616,110747.52,0.9287,109480.6,0.988560286,0.918110063,32.26,32.2,1884.96,33.32,,
163,,06-04-2024 04:42,anonymous,,,03-06-2024,B Heavy,3350,873900,55.44,0.98,12.48,108100,99.8,19997.73,19792.9,2377757.7,54.46,1824.41,117492.004,109062.72,0.9283,107883.8,0.98919044,0.918222486,32.27,32.2,1857.24,32.83,,
162,,06-03-2024 04:33,anonymous,,,02-06-2024,B Heavy,3350,873100,55.46,0.96,12.5,108100,99.8,23347.73,19792.9,2484657.7,54.5,1825.75,117578.3,109137.5,0.9282,107883.8,0.988512656,0.917548561,32.27,32.2,1857.91,32.16,,
161,,06-01-2024 04:37,anonymous,,,31-05-2024,B Heavy,3650,951800,55.48,0.94,12.5,117774.2,99.8,25047.73,19792.9,2661457.7,54.54,1990.71,128201.724,118975,0.928,117538.6516,0.987927309,0.916825827,32.27,32.2,2025.02,34.31,,
160,,5/31/24 4:36:08,anonymous,,,30-05-2024,B Heavy,3650,951800,55.48,0.94,12.5,117700,99.8,29467.81,20436.8,2547813.3,54.54,1990.71,128201.724,118975,0.928,117464.6,0.987304896,0.916248209,32.25,32.18,2025.02,34.31,,
159,,5/30/24 5:09:57,anonymous,,,29-05-2024,B Heavy,3750,979200,55.48,0.94,12.49,121000,99.8,27117.81,20436.8,2430113.3,54.54,2045.25,131714.1,122302.08,0.9285,120758,0.987374867,0.91681908,32.27,32.2,2080.5,35.25,,
158,,5/29/24 4:54:51,anonymous,,,28-05-2024,B Heavy,3750,979200,55.48,0.94,12.49,121000,99.8,30867.81,19460.2,2309113.3,54.54,2045.25,131714.1,122302.08,0.9285,120758,0.987374867,0.91681908,32.27,32.2,2080.5,35.25,,
157,,5/28/24 4:39:23,anonymous,,,27-05-2024,B Heavy,3750,979100,55.5,0.92,12.5,121100,99.8,34617.81,17453.8,2188113.3,54.58,2046.75,131810.7,122387.5,0.9285,120857.8,0.987501175,0.916904318,32.29,32.23,2081.25,34.5,,
156,,5/27/24 4:45:19,anonymous,,,26-05-2024,B Heavy,3750,977900,55.5,0.92,12.52,121100,99.8,38367.81,16924.6,2117013.3,54.58,2046.75,131810.7,122433.08,0.9289,120857.8,0.987133543,0.916904318,32.29,32.23,2081.25,34.5,,
155,,5/26/24 6:24:20,anonymous,,,25-05-2024,B Heavy,3715.7,967900,55.5,0.92,12.52,120000,99.8,42117.81,14959.8,2099913.3,54.58,2028.02906,130605.0715,121181.08,0.9278,119760,0.988273087,0.916962861,32.3,32.23,2062.2135,34.18444,,
154,,5/25/24 5:12:08,anonymous,,,24-05-2024,B Heavy,3684.3,970200,56.11,0.98,12.5,120100,99.8,45833.51,12534.2,2053913.3,55.13,2031.15459,130806.3556,121275,0.9271,119859.8,0.988330653,0.916314803,32.6,32.53,2067.26073,36.10614,,
153,,5/24/24 4:33:55,anonymous,,,23-05-2024,B Heavy,3700,972500,56.12,0.92,12.54,120800,99.8,49517.81,9696.8,2289813.3,55.2,2042.4,131530.56,121951.5,0.9272,120558.4,0.988576606,0.916580907,32.65,32.58,2076.44,34.04,,
152,,5/23/24 4:57:19,anonymous,,,22-05-2024,B Heavy,3700,972600,56.12,0.9,12.56,120800,99.8,53217.81,7284.4,2169013.3,55.22,2043.14,131578.216,122158.56,0.9284,120558.4,0.986900959,0.916248933,32.65,32.58,2076.44,33.3,,
151,,5/22/24 4:35:44,anonymous,,,21-05-2024,B Heavy,3400,893900,56.12,0.9,12.56,111000,99.8,56917.81,4480.2,2381213.3,55.22,1877.48,120909.712,112273.84,0.9286,110778,0.986676861,0.916204316,32.65,32.58,1908.08,30.6,,
150,,5/21/24 4:35:27,anonymous,,,20-05-2024,B Heavy,3850,1015200,56.12,0.77,12.55,125800,99.8,60317.81,4480.2,2498213.3,55.35,2130.975,137234.79,127407.6,0.9284,125548.4,0.985407464,0.914843823,32.68,32.61,2160.62,29.645,,
149,,5/20/24 4:51:52,anonymous,,,19-05-2024,B Heavy,3850,1015100,56.12,0.75,12.55,125800,99.8,64167.81,4480.2,2372413.3,55.37,2131.745,137284.378,127395.05,0.928,125548.4,0.985504539,0.914513376,32.68,32.61,2160.62,28.875,,
148,,5/19/24 4:21:51,anonymous,,,18-05-2024,B Heavy,3850,1015200,56.12,0.75,12.54,125800,99.8,68017.81,4480.2,2246613.3,55.37,2131.745,137284.378,127306.08,0.9273,125548.4,0.986193275,0.914513376,32.68,32.61,2160.62,28.875,,
147,,5/18/24 4:43:46,anonymous,,,17-05-2024,B Heavy,3850,1015400,56.12,0.75,12.54,125800,99.8,71867.81,2446.8,2160813.3,55.37,2131.745,137284.378,127331.16,0.9275,125548.4,0.985999028,0.914513376,32.68,32.61,2160.62,28.875,,
146,,5/17/24 4:04:00,anonymous,,,16-05-2024,B Heavy,3850,1015300,56.12,0.75,12.54,125800,99.8,75717.81,0,2122013.3,55.37,2131.745,137284.378,127318.62,0.9274,125548.4,0.986096142,0.914513376,32.68,32.61,2160.62,28.875,,
145,,5/16/24 4:15:11,anonymous,,,15-05-2024,B Heavy,3850,1015400,56.12,0.75,12.54,126000,99.8,79567.81,0,1996213.3,55.37,2131.745,137284.378,127331.16,0.9275,125748,0.987566594,0.915967292,32.73,32.66,2160.62,28.875,,
144,,5/15/24 4:55:02,anonymous,,,14-05-2024,B Heavy,3850,1012800,56.12,1.02,12.51,125400,99.8,83417.81,0,1870213.3,55.1,2121.35,136614.94,126701.28,0.9274,125149.2,0.987750084,0.916072576,32.57,32.51,2160.62,39.27,,
143,,5/14/24 4:26:50,anonymous,,,13-05-2024,B Heavy,3900,1021200,56.12,1.71,12.42,125700,99.8,87267.81,0,1744813.3,54.41,2121.99,136656.156,126833.04,0.9281,125448.6,0.989084548,0.917987185,32.23,32.17,2188.68,66.69,,
142,,5/13/24 6:05:11,anonymous,,,12-05-2024,B Heavy,3900,1020900,56.12,1.71,12.42,125600,99.8,91167.81,0,1619113.3,54.41,2121.99,136656.156,126795.78,0.9278,125348.8,0.988588106,0.917256885,32.21,32.14,2188.68,66.69,,
141,,05-12-2024 06:00,anonymous,,,11-05-2024,C Heavy,4250,956300,44.92,4.05,10.62,100610.7,99.8,95067.81,529.18,1493513.3,40.87,1736.975,111861.19,101559.06,0.9079,100409.4786,0.988680661,0.897625697,23.67,23.63,1909.1,172.125,,
140,,05-12-2024 05:54,anonymous,,,10-05-2024,C Heavy,4350,978400,44.92,4.05,10.63,102900,99.8,95067.81,4779.18,1392902.6,40.87,1777.845,114493.218,104003.92,0.9084,102694.2,0.987407013,0.896945704,23.66,23.61,1954.02,176.175,,
139,,05-10-2024 04:30,anonymous,,,09-05-2024,C Heavy,4500,1012600,44.92,4.05,10.63,106500,99.8,95067.81,9129.18,1330002.6,40.87,1839.15,118441.26,107639.38,0.9088,106287,0.987436011,0.897381537,23.67,23.62,2021.4,182.25,,
138,,05-09-2024 06:33,anonymous,,,08-05-2024,C Heavy,4500,1012700,44.92,4.05,10.63,106500,99.8,95067.81,13629.18,1223502.6,40.87,1839.15,118441.26,107650.01,0.9089,106287,0.987338506,0.897381537,23.67,23.62,2021.4,182.25,,
137,,05-08-2024 05:19,anonymous,,,07-05-2024,C Heavy,4500,1012800,44.92,4.05,10.63,106500,99.8,95067.81,18129.18,1237002.6,40.87,1839.15,118441.26,107660.64,0.909,106287,0.98724102,0.897381537,23.67,23.62,2021.4,182.25,,
136,,05-07-2024 05:16,anonymous,,,06-05-2024,C Heavy,4500,1012700,44.92,4.05,10.63,106500,99.8,95067.81,22629.18,1130502.6,40.87,1839.15,118441.26,107650.01,0.9089,106287,0.987338506,0.897381537,23.67,23.62,2021.4,182.25,,
135,,05-06-2024 04:42,anonymous,,,05-05-2024,C Heavy,4500,1013100,44.92,4.05,10.62,106500,99.8,95067.81,27129.18,1637002.6,40.87,1839.15,118441.26,107591.22,0.9084,106287,0.987878007,0.897381537,23.67,23.62,2021.4,182.25,,
134,,05-05-2024 05:07,anonymous,,,04-05-2024,C Heavy,4500,1013200,44.92,4.05,10.62,106500,99.8,95067.81,31629.18,1530502.6,40.87,1839.15,118441.26,107601.84,0.9085,106287,0.987780506,0.897381537,23.67,23.62,2021.4,182.25,,
133,,05-04-2024 05:44,anonymous,,,03-05-2024,C Heavy,4500,1012800,44.92,4.06,10.62,106500,99.8,95067.81,36129.18,1752002.6,40.86,1838.7,118412.28,107559.36,0.9083,106287,0.988170625,0.897601161,23.67,23.62,2021.4,182.7,,
132,,05-03-2024 05:16,anonymous,,,02-05-2024,C Heavy,4500,1012900,44.92,4.06,10.62,106500,99.8,90067.81,40629.18,2144502.6,40.86,1838.7,118412.28,107569.98,0.9084,106287,0.988073066,0.897601161,23.67,23.62,2021.4,182.7,,
131,,05-02-2024 05:27,anonymous,,,01-05-2024,C Heavy,4400,989800,44.92,4.05,10.63,104100,99.8,85067.81,45129.18,2357002.6,40.87,1798.28,115809.232,105215.74,0.9085,103891.8,0.987416902,0.897094283,23.66,23.61,1976.48,178.2,,
130,,05-01-2024 07:39,anonymous,,,30-04-2024,C Heavy,4400,989900,44.92,4.06,10.62,104043.9,99.8,85067.81,49529.18,2320902.6,40.86,1797.84,115780.896,105127.38,0.908,103835.8122,0.987714259,0.89683027,23.65,23.6,1976.48,178.64,,
129,,4/30/24 4:36:50,anonymous,,,29-04-2024,C Heavy,4400,989900,44.92,4.06,10.62,104100,99.8,86181.99,55602.98,2219296.6,40.86,1797.84,115780.896,105127.38,0.908,103891.8,0.98824683,0.897313837,23.66,23.61,1976.48,178.64,,
128,,4/29/24 5:14:07,anonymous,,,28-04-2024,C Heavy,4250,955800,44.92,4.06,10.63,100600,99.8,86181.99,60002.98,2195196.6,40.86,1736.55,111833.82,101601.54,0.9085,100398.8,0.988162187,0.897749894,23.67,23.62,1909.1,172.55,,
127,,4/28/24 6:06:33,anonymous,,,27-04-2024,C Heavy,900,202300,44.92,4.05,10.63,21300,99.8,86181.99,64252.98,2256596.6,40.87,367.83,23688.252,21504.49,0.9078,21257.4,0.988509841,0.897381537,23.67,23.62,404.28,36.45,,
126,,4/27/24 5:09:54,anonymous,,,26-04-2024,C Heavy,4400,988500,44.92,4.05,10.63,104100,99.8,86181.99,65152.98,2623296.6,40.87,1798.28,115809.232,105077.55,0.9073,103891.8,0.988715477,0.897094283,23.66,23.61,1976.48,178.2,,
125,,4/26/24 4:12:45,anonymous,,,25-04-2024,C Heavy,4400,988600,44.92,4.06,10.64,104100,99.8,86181.99,69552.98,2697196.6,40.86,1797.84,115780.896,105187.04,0.9085,103891.8,0.987686316,0.897313837,23.66,23.61,1976.48,178.64,,
124,,4/25/24 4:21:54,anonymous,,,24-04-2024,C Heavy,4400,988900,44.92,4.06,10.64,104100,99.8,86181.99,73952.98,2697096.6,40.86,1797.84,115780.896,105218.96,0.9088,103891.8,0.987386684,0.897313837,23.66,23.61,1976.48,178.64,,
123,,4/24/24 4:36:49,anonymous,,,23-04-2024,C Heavy,4300,965100,44.92,4.04,10.66,101800,99.8,86181.99,68352.98,2889996.6,40.88,1757.84,113204.896,102879.66,0.9088,101596.4,0.987526592,0.897455884,23.67,23.63,1931.56,173.72,,
122,,4/23/24 5:18:56,anonymous,,,22-04-2024,C Heavy,4250,953900,44.92,4.04,10.66,100600,99.8,86181.99,62652.6,2788196.6,40.88,1737.4,111888.56,101685.74,0.9088,100398.8,0.987343948,0.897310681,23.67,23.62,1909.1,171.7,,
121,,4/22/24 4:55:50,anonymous,,,21-04-2024,C Heavy,0,0,0,0,0,0,0,86181.99,56902.98,2687596.6,0,0,0,0,,0,,,,,0,0,,
120,,4/21/24 5:18:09,anonymous,,,20-04-2024,C Heavy,3800,852400,44.9,4.06,10.66,89900,99.8,86181.99,46902.98,2687596.6,40.84,1551.92,99943.648,90865.84,0.9092,89720.2,0.987391962,0.897707876,23.66,23.61,1706.2,154.28,,
119,,4/20/24 5:04:58,anonymous,,,19-04-2024,C Heavy,4500,1009500,44.9,4.06,10.66,106500,99.8,86181.99,50702.98,2825696.6,40.84,1837.8,118354.32,107612.7,0.9092,106287,0.987680822,0.898040731,23.67,23.62,2020.5,182.7,,
118,,4/19/24 4:15:06,anonymous,,,18-04-2024,C Heavy,4500,1010900,44.9,4.06,10.64,106500,99.8,86181.99,55202.98,3006196.6,40.84,1837.8,118354.32,107559.76,0.9088,106287,0.98816695,0.898040731,23.67,23.62,2020.5,182.7,,
117,,4/18/24 5:09:58,anonymous,,,17-04-2024,C Heavy,4500,1010900,44.9,4.06,10.64,106500,99.8,86181.99,59702.98,3217696.6,40.84,1837.8,118354.32,107559.76,0.9088,106287,0.98816695,0.898040731,23.67,23.62,2020.5,182.7,,
116,,4/17/24 8:29:36,anonymous,,,16-04-2024,C Heavy,4400,988600,44.9,4.06,10.63,104100,99.8,86181.99,64202.98,3283196.6,40.84,1796.96,115724.224,105088.18,0.9081,103891.8,0.988615466,0.897753266,23.66,23.61,1975.6,178.64,,
115,,4/16/24 4:17:27,anonymous,,,15-04-2024,C Heavy,4300,964900,44.92,4.04,10.66,101700,99.8,86181.99,68602.98,31709096.6,40.88,1757.84,113204.896,102858.34,0.9086,101496.6,0.986761015,0.896574297,23.65,23.6,1931.56,173.72,,
114,,4/15/24 4:45:38,anonymous,,,14-04-2024,C Heavy,4250,953700,44.92,4.04,10.66,100500,99.8,85594.39,72902.98,3077396.6,40.88,1737.4,111888.56,101664.42,0.9086,100299,0.986569343,0.896418722,23.65,23.6,1909.1,171.7,,
113,,4/14/24 4:27:31,anonymous,,,13-04-2024,C Heavy,4250,953900,44.92,4.04,10.66,100500,99.8,84753.79,77152.98,2976896.6,40.88,1737.4,111888.56,101685.74,0.9088,100299,0.986362493,0.896418722,23.65,23.6,1909.1,171.7,,
112,,4/13/24 4:25:54,anonymous,,,12-04-2024,C Heavy,4250,953900,44.92,4.04,10.66,100500,99.8,84753.79,81402.98,2876396.6,40.88,1737.4,111888.56,101685.74,0.9088,100299,0.986362493,0.896418722,23.65,23.6,1909.1,171.7,,
111,,04-12-2024 04:29,anonymous,,,11-04-2024,C Heavy,4250,953800,44.92,4.04,10.66,100500,99.8,84753.79,75652.98,2775896.6,40.88,1737.4,111888.56,101675.08,0.9087,100299,0.986465907,0.896418722,23.65,23.6,1909.1,171.7,,
110,,04-11-2024 04:16,anonymous,,,10-04-2024,C Heavy,4250,953800,44.92,4.04,10.66,100500,99.8,84753.79,69902.98,2725396.6,40.88,1737.4,111888.56,101675.08,0.9087,100299,0.986465907,0.896418722,23.65,23.6,1909.1,171.7,,
109,,04-10-2024 04:44,anonymous,,,09-04-2024,C Heavy,4250,955300,44.86,4.02,10.63,100400,99.8,84753.79,64152.98,2776896.6,40.84,1735.7,111779.08,101548.39,0.9085,100199.2,0.986713822,0.896403871,23.62,23.58,1906.55,170.85,,
108,,04-09-2024 04:56,anonymous,,,08-04-2024,C Heavy,3200,719300,44.86,4.01,10.63,75500,99.8,81318.19,63402.98,2676496.6,40.85,1307.2,84183.68,76461.59,0.9083,75349,0.985449034,0.895054718,23.59,23.55,1435.52,128.32,,
107,,04-08-2024 04:21,anonymous,,,07-04-2024,C Heavy,0,0,0,0,0,0,0,80910.99,61602.98,2600996.6,0,0,0,0,,0,,,,,0,0,,
106,,04-07-2024 04:47,anonymous,,,06-04-2024,C Heavy,0,0,0,0,0,0,0,80506.69,61602.98,2600996.6,0,0,0,0,,0,,,,,0,0,,
105,,04-06-2024 04:31,anonymous,,,05-04-2024,C Heavy,0,0,0,0,0,0,0,79272.99,56602.98,2600996.6,0,0,0,0,,0,,,,,0,0,,
104,,04-05-2024 04:42,anonymous,,,04-04-2024,C Heavy,0,0,0,0,0,0,0,76570.79,51602.98,2668996.6,0,0,0,0,,0,,,,,0,0,,
103,,04-04-2024 04:18,anonymous,,,03-04-2024,C Heavy,0,0,0,0,0,0,0,74146.69,51602.98,2697997,0,0,0,0,,0,,,,,0,0,,
102,,04-03-2024 04:55,anonymous,,,02-04-2024,C Heavy,0,0,0,0,0,0,0,67191.79,51602.98,2731997,0,0,0,0,,0,,,,,0,0,,
101,,04-02-2024 05:40,anonymous,,,01-04-2024,C Heavy,3600,809600,44.86,4.01,10.63,85000,99.8,58390.39,51602.98,2731997,40.85,1470.6,94706.64,86060.48,0.9087,84830,0.985702148,0.895713331,23.61,23.56,1614.96,144.36,,
100,,04-01-2024 10:20,anonymous,,,31-03-2024,C Heavy,4300,966800,44.86,4.01,10.62,101530,99.8,44204.69,55202.98,2646997,40.85,1756.55,113121.82,102674.16,0.9076,101326.94,0.986878685,0.895732936,23.61,23.56,1928.98,172.43,,
99,,3/31/24 5:29:56,anonymous,,,30-03-2024,C Heavy,4300,966800,44.86,4.01,10.62,101500,99.8,42414.32,49750,2628467,40.85,1756.55,113121.82,102674.16,0.9076,101297,0.986587083,0.895468266,23.6,23.56,1928.98,172.43,,
98,,3/30/24 5:25:59,anonymous,,,29-03-2024,C Heavy,4300,966700,44.86,4.02,10.62,101500,99.8,39454.52,44050,2630967,40.84,1756.12,113094.128,102663.54,0.9078,101297,0.98668914,0.895687529,23.6,23.56,1928.98,172.86,,
97,,3/29/24 4:52:01,anonymous,,,28-03-2024,C Heavy,4300,966800,44.86,4.02,10.62,101500,99.8,36431.42,38350,2712467,40.84,1756.12,113094.128,102674.16,0.9079,101297,0.986587083,0.895687529,23.6,23.56,1928.98,172.86,,
96,,3/28/24 5:11:59,anonymous,,,27-03-2024,C Heavy,950,213700,44.84,3.98,10.61,22400,99.8,35119.42,32650,2876967,40.86,388.17,24998.148,22673.57,0.907,22355.2,0.985958541,0.894274248,23.58,23.53,425.98,37.81,,
95,,3/27/24 5:27:41,anonymous,,,26-03-2024,C Heavy,4300,967100,44.84,3.99,10.62,101500,99.8,35119.42,23600,2854567,40.85,1756.55,113121.82,102706.02,0.9079,101297,0.986281038,0.895468266,23.6,23.56,1928.12,171.57,,
94,,3/26/24 5:05:40,anonymous,,,25-03-2024,C Heavy,4850,1090600,44.84,3.99,10.62,114500,99.8,35119.42,27900,2793067,40.85,1981.225,127590.89,115821.72,0.9078,114271,0.986611147,0.895604694,23.61,23.56,2174.74,193.515,,
93,,3/26/24 5:00:41,anonymous,,,24-03-2024,C Heavy,4850,1090500,44.84,3.98,10.62,114500,99.8,35119.42,32750,2678567,40.86,1981.71,127622.124,115811.1,0.9075,114271,0.98670162,0.895385505,23.61,23.56,2174.74,193.03,,
92,,3/24/24 5:14:04,anonymous,,,23-03-2024,C Heavy,4850,1090700,44.84,3.98,10.61,114500,99.8,30079.62,37600,2564067,40.86,1981.71,127622.124,115723.27,0.9068,114271,0.987450493,0.895385505,23.61,23.56,2174.74,193.03,,
91,,3/23/24 4:53:24,anonymous,,,22-03-2024,C Heavy,4850,1090800,44.84,3.98,10.62,114500,99.8,24906.32,42450,2449567,40.86,1981.71,127622.124,115842.96,0.9077,114271,0.98643025,0.895385505,23.61,23.56,2174.74,193.03,,
89,,3/22/24 6:56:38,anonymous,,,21-03-2024,B Heavy,1875,488100,56.19,1.69,12.51,60558.3,99.8,23732.32,47300,2351367,54.5,1021.875,65808.75,61061.31,0.9279,60437.1834,0.98977869,0.918376103,32.3,32.23,1053.5625,31.6875,,
88,,3/21/24 5:53:08,anonymous,,,20-03-2024,B Heavy,3875,1008500,56.19,1.69,12.51,125100,99.8,25431.72,40000,2290808.7,54.5,2111.875,136004.75,126163.35,0.9276,124849.8,0.989588498,0.917981173,32.28,32.22,2177.3625,65.4875,,
87,,3/20/24 4:19:21,anonymous,,,19-03-2024,B Heavy,3875,1008700,56.17,1.69,12.51,125100,99.8,27796.52,30000,2165708.7,54.48,2111.1,135954.84,126188.37,0.9282,124849.8,0.989392287,0.918318171,32.28,32.22,2176.5875,65.4875,,
86,,3/19/24 4:56:59,anonymous,,,18-03-2024,B Heavy,3875,1009200,56.16,1.68,12.51,125100,99.8,30923.92,20000,2040608.7,54.48,2111.1,135954.84,126250.92,0.9286,124849.8,0.988902101,0.918318171,32.28,32.22,2176.2,65.1,,
85,,3/18/24 4:56:00,anonymous,,,17-03-2024,B Heavy,3875,1008300,56.17,1.69,12.52,125100,99.8,32061.12,0,1915508.7,54.48,2111.1,135954.84,126239.16,0.9285,124849.8,0.988994223,0.918318171,32.28,32.22,2176.5875,65.4875,,
84,,3/17/24 4:13:08,anonymous,,,16-03-2024,B Heavy,3875,1008200,56.17,1.68,12.51,125100,99.8,34239.92,0,1790408.7,54.49,2111.4875,135979.795,126125.82,0.9275,124849.8,0.98988296,0.918149641,32.28,32.22,2176.5875,65.1,,
83,,3/16/24 5:52:16,anonymous,,,15-03-2024,B Heavy,3875,1008200,56.17,1.68,12.51,125100,99.8,33961.52,0,1665308.7,54.49,2111.4875,135979.795,126125.82,0.9275,124849.8,0.98988296,0.918149641,32.28,32.22,2176.5875,65.1,,
82,,3/15/24 4:42:40,anonymous,,,14-03-2024,B Heavy,3875,1005900,56.18,1.66,12.54,125100,99.8,37100.12,0,1540208.7,54.52,2112.65,136054.66,126139.86,0.9271,124849.8,0.989772781,0.917644423,32.28,32.22,2176.975,64.325,,
81,,3/14/24 5:01:54,anonymous,,,13-03-2024,B Heavy,3875,1002000,56.21,1.66,12.6,125100,99.8,36070.52,0,1415108.7,54.55,2113.8125,136129.525,126252,0.9274,124849.8,0.988893641,0.917139761,32.28,32.22,2178.1375,64.325,,
80,,3/13/24 5:21:20,anonymous,,,12-03-2024,B Heavy,2350,606800,56.21,1.65,12.62,75700,99.8,37546.12,0,1290008.7,54.56,1282.16,82571.104,76578.16,0.9274,75548.6,0.986555436,0.914952039,32.21,32.15,1320.935,38.775,,
79,,03-12-2024 05:07,anonymous,,,11-03-2024,B Heavy,0,0,0,0,0,0,0,36025.12,0,1214308.7,0,0,0,0,,0,,,,,0,0,,
78,,03-11-2024 04:28,anonymous,,,10-03-2024,B Heavy,0,0,0,0,0,0,99.8,34744.12,0,1214308.7,0,0,0,0,,0,,,,,0,0,,
77,,03-10-2024 04:43,anonymous,,,09-03-2024,B Heavy,0,0,0,0,0,0,0,28311.72,0,1214308.7,0,0,0,0,,0,,,,,0,0,,
76,,03-09-2024 08:11,anonymous,,,08-03-2024,B Heavy,325,83900,56.21,1.65,12.62,10500,99.8,24111.2,0,1214308.7,54.56,177.32,11419.408,10588.18,0.9272,10479,0.989688502,0.91764827,32.31,32.24,182.6825,5.3625,,
75,,03-08-2024 04:47,anonymous,,,07-03-2024,B Heavy,3100,800700,56.21,1.65,12.62,100100,99.8,20979.32,0,1203808.7,54.56,1691.36,108923.584,101048.34,0.9277,99899.8,0.988633757,0.917154911,32.29,32.23,1742.51,51.15,,
74,,03-07-2024 05:54,anonymous,,,06-03-2024,B Heavy,3725,960400,56.24,1.64,12.65,120300,99.8,22078.52,0,1103708.7,54.6,2033.85,130979.94,121490.6,0.9276,120059.4,0.988219665,0.916624332,32.3,32.23,2094.94,61.09,,
73,,03-06-2024 04:52,anonymous,,,05-03-2024,B Heavy,3725,960100,56.24,1.65,12.65,120300,99.8,24151.72,0,983408.7,54.59,2033.4775,130955.951,121452.65,0.9274,120059.4,0.988528451,0.916792243,32.3,32.23,2094.94,61.4625,,
72,,03-05-2024 04:55,anonymous,,,04-03-2024,B Heavy,3725,959300,56.26,1.63,12.67,120300,99.8,25321.82,0,863108.7,54.63,2034.9675,131051.907,121543.31,0.9274,120059.4,0.987791101,0.916120969,32.3,32.23,2095.685,60.7175,,
71,,03-04-2024 05:12,anonymous,,,03-03-2024,B Heavy,3125,804500,56.24,1.62,12.68,101000,99.8,26378.82,0,742808.7,54.62,1706.875,109922.75,102010.6,0.928,100798,0.988113,0.916989431,32.32,32.26,1757.5,50.625,,
70,,03-03-2024 04:56,anonymous,,,02-03-2024,B Heavy,3875,997600,56.24,1.64,12.67,125200,99.8,27770.92,0,641808.7,54.6,2115.75,136254.3,126395.92,0.9276,124949.6,0.988557226,0.917032343,32.31,32.25,2179.3,63.55,,
69,,03-02-2024 04:54,anonymous,,,01-03-2024,B Heavy,3875,997800,56.24,1.64,12.67,125200,99.8,26741.52,0,516608.7,54.6,2115.75,136254.3,126421.26,0.9278,124949.6,0.988359078,0.917032343,32.31,32.25,2179.3,63.55,,
68,,03-01-2024 05:02,anonymous,,,29-02-2024,B Heavy,4000,1025300,54.83,1.54,12.42,126114.9,99.8,28226.92,0,391408.7,53.29,2131.6,137275.04,127342.26,0.9276,125862.6702,0.988380999,0.916864932,31.53,31.47,2193.2,61.6,,
67,,2/29/24 4:19:46,anonymous,,,28-02-2024,B Heavy,3975,1018900,54.83,1.54,12.42,125200,99.8,32189.09,0,584923.7,53.29,2118.2775,136417.071,126547.38,0.9277,124949.6,0.987374057,0.915938153,31.5,31.43,2179.4925,61.215,,
66,,2/28/24 4:53:52,anonymous,,,27-02-2024,B Heavy,3500,898500,54.85,1.52,12.41,110300,99.8,31475.39,0,656723.7,53.33,1866.55,120205.82,111503.85,0.9276,110079.4,0.987225105,0.915757656,31.51,31.45,1919.75,53.2,,
65,,2/27/24 4:54:29,anonymous,,,26-02-2024,B Heavy,3975,1020300,54.8,1.52,12.41,125300,99.8,26975.39,0,665423.7,53.28,2117.88,136391.472,126619.23,0.9284,125049.4,0.987601962,0.91684178,31.52,31.46,2178.3,60.42,,
64,,2/26/24 5:15:45,anonymous,,,25-02-2024,B Heavy,3975,1019900,54.85,1.52,12.41,125300,99.8,22717.19,0,768123.7,53.33,2119.8675,136519.467,126569.59,0.9271,125049.4,0.987989295,0.915982187,31.52,31.46,2180.2875,60.42,,
63,,2/25/24 5:10:11,anonymous,,,24-02-2024,B Heavy,3875,1001400,56.3,1.61,12.64,125400,99.8,26054.69,0,765823.7,54.69,2119.2375,136478.895,126576.96,0.9274,125149.2,0.988720222,0.916985736,32.36,32.3,2181.625,62.3875,,
62,,2/24/24 5:01:41,anonymous,,,23-02-2024,B Heavy,3875,1001400,56.4,1.6,12.66,125500,99.8,27866.09,0,705423.7,54.8,2123.5,136753.4,126777.24,0.9271,125249,0.98794547,0.915874852,32.39,32.32,2185.5,62,,
61,,2/23/24 4:48:10,anonymous,,,22-02-2024,B Heavy,3875,1001500,56.4,1.6,12.66,125500,99.8,29602.39,0,763923.7,54.8,2123.5,136753.4,126789.9,0.9271,125249,0.987846824,0.915874852,32.39,32.32,2185.5,62,,
60,,2/22/24 5:09:08,anonymous,,,21-02-2024,B Heavy,3100,797600,56.4,1.58,12.72,100300,99.8,30675.19,0,853423.7,54.82,1699.42,109442.648,101454.72,0.927,100099.4,0.986641134,0.91462882,32.35,32.29,1748.4,48.98,,
59,,2/21/24 4:52:57,anonymous,,,20-02-2024,B Heavy,3875,997300,56.4,1.58,12.72,125600,99.8,30702.09,0,788123.7,54.82,2124.275,136803.31,126856.56,0.9273,125348.8,0.98811445,0.916270228,32.41,32.35,2185.5,61.225,,
58,,2/20/24 4:51:54,anonymous,,,19-02-2024,B Heavy,3875,996600,56.42,1.56,12.74,125700,99.8,29962.09,0,911523.7,54.86,2125.825,136903.13,126966.84,0.9274,125448.6,0.988042232,0.916331131,32.44,32.37,2186.275,60.45,,
57,,2/19/24 4:49:08,anonymous,,,18-02-2024,B Heavy,3875,996500,54.42,1.56,12.74,125700,99.8,29461.39,0,933823.7,52.86,2048.325,131912.13,126954.1,0.9624,125448.6,0.988141383,0.951001246,32.44,32.37,2108.775,60.45,,
56,,2/18/24 4:31:12,anonymous,,,17-02-2024,B Heavy,3975,1019200,54.86,1.53,12.42,125300,99.8,28649.59,0,1011123.7,53.33,2119.8675,136519.467,126584.64,0.9272,125049.4,0.98787183,0.915982187,31.52,31.46,2180.685,60.8175,,
55,,2/17/24 5:05:50,anonymous,,,16-02-2024,B Heavy,3975,1019600,54.86,1.52,12.42,125300,99.8,31737.49,0,985823.7,53.34,2120.265,136545.066,126634.32,0.9274,125049.4,0.987484278,0.915810462,31.52,31.46,2180.685,60.42,,
54,,2/16/24 4:45:35,anonymous,,,15-02-2024,B Heavy,3875,997800,56.4,1.55,12.72,125600,99.8,34268.09,0,998523.7,54.85,2125.4375,136878.175,126920.16,0.9272,125348.8,0.987619303,0.915769077,32.41,32.35,2185.5,60.0625,,
53,,2/15/24 4:16:46,anonymous,,,14-02-2024,B Heavy,3875,997900,56.4,1.54,12.72,125600,99.8,38143.09,0,1066923.7,54.86,2125.825,136903.13,126932.88,0.9272,125348.8,0.987520334,0.915602149,32.41,32.35,2185.5,59.675,,
52,,2/14/24 4:34:37,anonymous,,,13-02-2024,B Heavy,3975,1019800,54.85,1.5,12.42,125400,99.8,33703.99,0,995323.7,53.35,2120.6625,136570.665,126659.16,0.9274,125149.2,0.988078557,0.916369559,31.55,31.48,2180.2875,59.625,,
51,,2/13/24 4:50:58,anonymous,,,12-02-2024,B Heavy,3975,1019500,54.85,1.52,12.42,125300,99.8,28906.99,0,1078923.7,53.33,2119.8675,136519.467,126621.9,0.9275,125049.4,0.987581137,0.915982187,31.52,31.46,2180.2875,60.42,,
50,,02-12-2024 05:19,anonymous,,,11-02-2024,B Heavy,3975,1019500,54.85,1.52,12.42,125300,99.8,30614.99,0,1176623.7,53.33,2119.8675,136519.467,126621.9,0.9275,125049.4,0.987581137,0.915982187,31.52,31.46,2180.2875,60.42,,
49,,02-11-2024 05:13,anonymous,,,10-02-2024,B Heavy,3875,997500,56.3,1.55,12.71,125400,99.8,32623.89,0,1358323.7,54.75,2121.5625,136628.625,126782.25,0.9279,125149.2,0.987119254,0.91598082,32.36,32.3,2181.625,60.0625,,
48,,02-10-2024 05:26,anonymous,,,09-02-2024,B Heavy,3875,997100,56.35,1.57,12.72,125300,99.8,34200.69,0,1361923.7,54.78,2122.725,136703.49,126831.12,0.9278,125049.4,0.985952028,0.914749141,32.34,32.27,2183.5625,60.8375,,
47,,02-09-2024 04:41,anonymous,,,08-02-2024,B Heavy,3875,997300,56.35,1.58,12.71,125300,99.8,34181.19,0,1482623.7,54.77,2122.3375,136678.535,126756.83,0.9274,125049.4,0.986529878,0.914916157,32.34,32.27,2183.5625,61.225,,
46,,02-08-2024 04:46,anonymous,,,07-02-2024,B Heavy,3875,997000,56.4,1.58,12.72,125300,99.8,35191.79,0,1572323.7,54.82,2124.275,136803.31,126818.4,0.927,125049.4,0.98605092,0.914081684,32.34,32.27,2185.5,61.225,,
45,,02-07-2024 05:12,anonymous,,,06-02-2024,B Heavy,3875,997400,56.45,1.58,12.72,125400,99.8,26654.89,0,1632023.7,54.87,2126.2125,136928.085,126869.28,0.9265,125149.2,0.986442108,0.913977582,32.36,32.3,2187.4375,61.225,,
44,,02-06-2024 05:05,anonymous,,,05-02-2024,B Heavy,3875,997500,56.4,1.58,12.71,125400,99.8,23671.69,0,1710623.7,54.82,2124.275,136803.31,126782.25,0.9267,125149.2,0.987119254,0.914811199,32.36,32.3,2185.5,61.225,,
43,,02-05-2024 04:19,anonymous,,,04-02-2024,B Heavy,3975,1018900,54.86,1.54,12.42,125300,99.8,25496.94,0,1694223.7,53.32,2119.47,136493.868,126547.38,0.9271,125049.4,0.988162694,0.916153977,31.52,31.46,2180.685,61.215,,
42,,02-04-2024 04:44,anonymous,,,03-02-2024,B Heavy,3975,1020300,54.86,1.59,12.4,125200,99.8,27081.34,0,1811923.7,53.27,2117.4825,136365.873,126517.2,0.9278,124949.6,0.98760959,0.916282038,31.5,31.43,2180.685,63.2025,,
41,,02-03-2024 04:50,anonymous,,,02-02-2024,B Heavy,3975,1020100,54.86,1.58,12.4,125200,99.8,25056.34,0,1905723.7,53.28,2117.88,136391.472,126492.4,0.9274,124949.6,0.98780322,0.916110063,31.5,31.43,2180.685,62.805,,
40,,02-02-2024 04:39,anonymous,,,01-02-2024,B Heavy,3875,997100,56.3,1.52,12.72,125500,99.8,20878.34,0,1953523.7,54.78,2122.725,136703.49,126831.12,0.9278,125249,0.987525774,0.916209235,32.39,32.32,2181.625,58.9,,
39,,02-01-2024 06:51,anonymous,,,31-01-2024,B Heavy,3875,997400,56.4,1.5,12.74,125711.7,99.8,23911.64,0,1828023.7,54.9,2127.375,137002.95,127068.76,0.9275,125460.2766,0.98734163,0.915748724,32.44,32.38,2185.5,58.125,,
38,,1/31/24 4:11:05,anonymous,,,30-01-2024,B Heavy,3875,997300,56.4,1.5,12.74,125700,99.8,19728.49,0,1982493.8,54.9,2127.375,137002.95,127056.02,0.9274,125448.6,0.98734873,0.915663495,32.44,32.37,2185.5,58.125,,
37,,1/30/24 4:44:43,anonymous,,,29-01-2024,B Heavy,300,77200,56.4,1.5,12.74,9700,99.8,19676.49,0,1856793.8,54.9,164.7,10606.68,9835.28,0.9273,9680.6,0.984272944,0.912688985,32.33,32.27,169.2,4.5,,
36,,1/29/24 4:23:04,anonymous,,,28-01-2024,B Heavy,3975,1018700,54.9,1.61,12.42,125300,99.8,13228.39,0,2122093.8,53.29,2118.2775,136417.071,126522.54,0.9275,125049.4,0.988356699,0.916669733,31.52,31.46,2182.275,63.9975,,
35,,1/28/24 4:19:04,anonymous,,,27-01-2024,B Heavy,3975,1020100,54.9,1.62,12.4,125200,99.8,13732.19,0,1996793.8,53.28,2117.88,136391.472,126492.4,0.9274,124949.6,0.98780322,0.916110063,31.5,31.43,2182.275,64.395,,
33,,1/27/24 4:09:24,anonymous,,,26-01-2024,B Heavy,3975,1018500,54.9,1.62,12.42,125200,99.8,13399.39,0,1871593.8,53.28,2117.88,136391.472,126497.7,0.9275,124949.6,0.987761833,0.916110063,31.5,31.43,2182.275,64.395,,
32,,1/26/24 2:54:51,anonymous,,,25-01-2024,B Heavy,3975,1018600,54.9,1.62,12.42,125200,99.8,17374.39,0,1746393.8,53.28,2117.88,136391.472,126510.12,0.9276,124949.6,0.98766486,0.916110063,31.5,31.43,2182.275,64.395,,
31,,1/25/24 4:30:25,anonymous,,,24-01-2024,B Heavy,3875,996900,56.4,1.52,12.76,125900,99.8,14539.69,0,1838193.8,54.88,2126.6,136953.04,127204.44,0.9288,125648.2,0.987765836,0.917454625,32.49,32.43,2185.5,58.9,,
30,,1/24/24 4:21:16,anonymous,,,23-01-2024,B Heavy,3975,1017600,54.92,1.62,12.44,125300,99.8,13414.69,0,1712293.8,53.3,2118.675,136442.67,126589.44,0.9278,125049.4,0.987834372,0.91649775,31.52,31.46,2183.07,64.395,,
29,,1/23/24 4:25:31,anonymous,,,22-01-2024,B Heavy,3975,1019200,54.92,1.62,12.42,125300,99.8,10561.39,0,1671993.8,53.3,2118.675,136442.67,126584.64,0.9277,125049.4,0.98787183,0.91649775,31.52,31.46,2183.07,64.395,,
28,,1/22/24 4:55:21,anonymous,,,21-01-2024,B Heavy,3875,996700,56.4,1.52,12.75,125900,99.8,13149.79,0,1546693.8,54.88,2126.6,136953.04,127079.25,0.9279,125648.2,0.988738917,0.917454625,32.49,32.43,2185.5,58.9,,
27,,1/21/24 5:21:26,anonymous,,,20-01-2024,B Heavy,3975,1019500,54.92,1.62,12.42,125300,99.8,16727.29,0,1596793.8,53.3,2118.675,136442.67,126621.9,0.928,125049.4,0.987581137,0.91649775,31.52,31.46,2183.07,64.395,,
26,,1/20/24 4:32:00,anonymous,,,19-01-2024,B Heavy,3175,814100,54.92,1.62,12.42,100000,99.8,18156.29,0,1471493.8,53.3,1692.275,108982.51,101111.22,0.9278,99800,0.987031904,0.915743269,31.5,31.43,1743.71,51.435,,
25,,1/19/24 5:02:53,anonymous,,,18-01-2024,B Heavy,2475,638500,56.3,1.4,12.72,80300,99.8,12833.19,0,1371493.8,54.9,1358.775,87505.11,81217.2,0.9281,80139.4,0.986729412,0.915825373,32.44,32.38,1393.425,34.65,,
24,,1/18/24 5:26:14,anonymous,,,17-01-2024,B Heavy,3025,777200,55.17,1.79,12.4,95300,99.8,15061.19,0,1291193.8,53.38,1614.745,103989.578,96372.8,0.9268,95109.4,0.986890492,0.914605116,31.5,31.44,1668.8925,54.1475,,
23,,1/17/24 4:36:38,anonymous,,,16-01-2024,B Heavy,3650,937900,55.17,1.79,12.4,115100,99.8,11551.69,0,1195893.8,53.38,1948.37,125475.028,116299.6,0.9269,114869.8,0.987705891,0.915479373,31.53,31.47,2013.705,65.335,,
22,,1/16/24 4:43:27,anonymous,,,15-01-2024,B Heavy,3550,909500,56.68,1.8,12.8,115100,99.8,12485.29,0,1080793.8,54.88,1948.24,125466.656,116416,0.9279,114869.8,0.986718321,0.91554046,32.42,32.36,2012.14,63.9,,
21,,1/15/24 4:34:56,anonymous,,,14-01-2024,B Heavy,3500,899600,55.17,1.79,12.4,110300,99.8,9415.89,0,1070693.8,53.38,1868.3,120318.52,111550.4,0.9271,110079.4,0.986813136,0.914899884,31.51,31.45,1930.95,62.65,,
20,,1/14/24 5:03:55,anonymous,,,13-01-2024,B Heavy,3500,899200,55.17,1.8,12.41,110300,99.8,11263.89,0,960393.8,53.37,1867.95,120295.98,111590.72,0.9276,110079.4,0.98645658,0.91507131,31.51,31.45,1930.95,63,,
19,,1/13/24 4:34:19,anonymous,,,12-01-2024,B Heavy,3500,899500,55.17,1.8,12.4,110300,99.8,12587.29,0,954093.8,53.37,1867.95,120295.98,111538,0.9272,110079.4,0.986922842,0.91507131,31.51,31.45,1930.95,63,,
18,,01-12-2024 04:49,anonymous,,,11-01-2024,B Heavy,3500,893200,55.65,1.81,12.6,111400,99.8,9287.29,0,1043793.8,53.84,1884.4,121355.36,112543.2,0.9274,111177.2,0.987862439,0.916129292,31.83,31.76,1947.75,63.35,,
17,,01-11-2024 04:45,anonymous,,,10-01-2024,B Heavy,3500,899600,55.17,1.79,12.39,110300,99.8,12787.29,0,932393.8,53.38,1868.3,120318.52,111460.44,0.9264,110079.4,0.987609595,0.914899884,31.51,31.45,1930.95,62.65,,
16,,01-10-2024 03:08,anonymous,,,09-01-2024,B Heavy,3650,937500,55.17,1.79,12.4,115100,99.8,9287.29,0,977093.8,53.38,1948.37,125475.028,116250,0.9265,114869.8,0.988127312,0.915479373,31.53,31.47,2013.705,65.335,,
15,,01-09-2024 03:31,anonymous,,,08-01-2024,B Heavy,3825,983300,55.17,1.79,12.4,120600,99.8,12026.49,0,1090993.8,53.38,2041.785,131490.954,121929.2,0.9273,120358.8,0.987120394,0.915339013,31.53,31.47,2110.2525,68.4675,,
14,,01-08-2024 05:55,anonymous,,,07-01-2024,B Heavy,3975,1022600,55.17,1.79,12.39,125300,99.8,9951.49,0,970393.8,53.38,2121.855,136647.462,126700.14,0.9272,125049.4,0.986971285,0.915124205,31.52,31.46,2193.0075,71.1525,,
13,,01-07-2024 06:31,anonymous,,,06-01-2024,B Heavy,3425,881700,55.17,1.79,12.39,108000,99.8,13145.69,0,845093.8,53.38,1828.265,117740.266,109242.63,0.9278,107784,0.986647795,0.915438734,31.53,31.47,1889.5725,61.3075,,
12,,01-06-2024 05:25,anonymous,,,05-01-2024,B Heavy,3425,881800,55.17,1.79,12.39,108000,99.8,16570.69,0,737093.8,53.38,1828.265,117740.266,109255.02,0.9279,107784,0.986535905,0.915438734,31.53,31.47,1889.5725,61.3075,,
11,,01-05-2024 05:15,anonymous,,,04-01-2024,B Heavy,3425,881600,55.17,1.79,12.39,108000,99.8,19995.69,0,629093.8,53.38,1828.265,117740.266,109230.24,0.9277,107784,0.98675971,0.915438734,31.53,31.47,1889.5725,61.3075,,
10,,01-04-2024 05:22,anonymous,,,03-01-2024,B Heavy,3425,881800,55.17,1.8,12.38,108000,99.8,18320.69,0,521093.8,53.37,1827.9225,117718.209,109166.84,0.9274,107784,0.987332783,0.91561026,31.53,31.47,1889.5725,61.65,,
9,,01-04-2024 05:19,anonymous,,,02-01-2024,B Heavy,3425,881200,55.17,1.8,12.39,108000,99.8,15145.69,0,413093.8,53.37,1827.9225,117718.209,109180.68,0.9275,107784,0.987207627,0.91561026,31.53,31.47,1889.5725,61.65,,
8,,01-02-2024 05:09,anonymous,,,01-01-2024,B Heavy,3425,881000,55.17,1.79,12.4,108000,99.8,11870.69,0,305093.8,53.38,1828.265,117740.266,109244,0.9278,107784,0.986635422,0.915438734,31.53,31.47,1889.5725,61.3075,,
7,,01-02-2024 05:07,anonymous,,,31-12-2023,B Heavy,3350,861700,55.17,1.81,12.39,105601,99.8,15295.69,0,197093.8,53.36,1787.56,115118.864,106764.63,0.9274,105389.798,0.987122777,0.915486779,31.52,31.46,1848.195,60.635,,
6,,12/31/23 6:04:44,anonymous,,,30-12-2023,B Heavy,3350,861900,55.17,1.83,12.38,105600,99.8,12152.89,0,377464.8,53.34,1786.89,115075.716,106703.22,0.9272,105388.8,0.987681534,0.915821371,31.52,31.46,1848.195,61.305,,
5,,12/30/23 5:01:46,anonymous,,,29-12-2023,B Heavy,3350,861800,55.17,1.82,12.38,105600,99.8,15502.89,0,697864.8,53.35,1787.225,115097.29,106690.84,0.927,105388.8,0.987796141,0.915649708,31.52,31.46,1848.195,60.97,,
4,,12/29/23 4:42:04,anonymous,,,28-12-2023,B Heavy,3350,862000,55.28,1.9,12.38,105600,99.8,13352.89,0,890264.8,53.38,1788.23,115162.012,106715.6,0.9267,105388.8,0.987566954,0.915135105,31.52,31.46,1851.88,63.65,,
3,,12/28/23 4:53:53,anonymous,,,27-12-2023,B Heavy,3350,861900,55.34,1.94,12.38,105600,99.8,16702.89,0,1211664.8,53.4,1788.9,115205.16,106703.22,0.9262,105388.8,0.987681534,0.914792358,31.52,31.46,1853.89,64.99,,
2,,12/27/23 5:48:28,anonymous,,,26-12-2023,B Heavy,3250,835600,55.34,1.94,12.38,102300,99.8,13252.89,0,1106064.8,53.4,1735.5,111766.2,103447.28,0.9256,102095.4,0.986931701,0.913472946,31.48,31.41,1798.55,63.05,,
,,,,,,25-12-2023,B Heavy,3225,828200,55.5,1.92,12.41,101500,99.8,,,,53.58,1727.955,111280.302,102779.62,0.9236,101297,0.985574767,0.91028689,31.47,31.41,1789.875,61.92,,
,,,,,,24-12-2023,B Heavy,3200,822500,55.5,1.92,12.41,100800,99.8,,,,53.58,1714.56,110417.664,102072.25,0.9244,100598.4,0.985560718,0.91107162,31.5,31.44,1776,61.44,,
,,,,,,23-12-2023,B Heavy,3150,817800,55.62,1.6,12.41,100400,99.8,,,,54.02,1701.63,109584.972,101488.98,0.9261,100199.2,0.987291428,0.91435165,31.87,31.81,1752.03,50.4,,
,,,,,,22-12-2023,B Heavy,2525,656600,55.67,1.6,12.41,80600,99.8,,,,54.07,1365.2675,87923.227,81484.06,0.9268,80438.8,0.987172215,0.914875429,31.92,31.86,1405.6675,40.4,,
,,,,,,21-12-2023,B Heavy,2150,560800,55.67,1.6,12.37,68600,99.8,,,,54.07,1162.505,74865.322,69370.96,0.9266,68462.8,0.986908643,0.91447947,31.91,31.84,1196.905,34.4,,
,,,,,,20-12-2023,B Heavy,2150,560900,55.67,1.6,12.36,68600,99.8,,,,54.07,1162.505,74865.322,69327.24,0.926,68462.8,0.98753102,0.91447947,31.91,31.84,1196.905,34.4,,
,,,,,,19-12-2023,B Heavy,2150,560900,55.67,1.6,12.36,68600,99.8,,,,54.07,1162.505,74865.322,69327.24,0.926,68462.8,0.98753102,0.91447947,31.91,31.84,1196.905,34.4,,
,,,,,,18-12-2023,B Heavy,2150,560700,55.67,1.6,12.36,68500,99.8,,,,54.07,1162.505,74865.322,69302.52,0.9257,68363,0.986443206,0.91314641,31.86,31.8,1196.905,34.4,,
,,,,,,17-12-2023,B Heavy,2200,563700,55.17,1.78,12.34,68700,99.8,,,,53.39,1174.58,75642.952,69560.58,0.9196,68562.6,0.985653081,0.90639773,31.23,31.16,1213.74,39.16,,
,,,,,,16-12-2023,B Heavy,2200,563800,55.17,1.82,12.33,68700,99.8,,,,53.35,1173.7,75586.28,69516.54,0.9197,68562.6,0.98627751,0.907077316,31.23,31.16,1213.74,40.04,,
,,,,,,15-12-2023,B Heavy,2200,563100,54.92,1.78,12.31,68500,99.8,,,,53.14,1169.08,75288.752,69317.61,0.9207,68363,0.986228463,0.908010801,31.14,31.07,1208.24,39.16,,
,,,,,,14-12-2023,B Heavy,2200,563100,54.92,1.78,12.31,68500,99.8,,,,53.14,1169.08,75288.752,69317.61,0.9207,68363,0.986228463,0.908010801,31.14,31.07,1208.24,39.16,,
,,,,,,13-12-2023,B Heavy,2100,515200,54.17,1.98,12.25,62500,99.8,,,,52.19,1095.99,70581.756,63112,0.8942,62375,0.988322348,0.883726951,29.76,29.7,1137.57,41.58,,
,,,,,,12-12-2023,B Heavy,300,73000,54.17,1.98,12.2,8800,99.8,,,,52.19,156.57,10083.108,8906,0.8833,8782.4,0.986121716,0.871001283,29.33,29.27,162.51,5.94,,
,,,,,,10-12-2023,Syrup,3025,764000,56.32,0.25,12.92,97488.8,99.8,,,,56.07,1696.1175,109229.967,98708.8,0.9037,97293.8224,0.985665132,0.890724634,32.23,32.16,1703.68,7.5625,,
,,,,,,09-12-2023,Syrup,3825,980400,56.32,0.25,12.93,125300,99.8,,,,56.07,2144.6775,138117.231,126765.72,0.9178,125049.4,0.986460693,0.905385947,32.76,32.69,2154.24,9.5625,,
,,,,,,08-12-2023,Syrup,3825,980400,56.32,0.25,12.93,125300,99.8,,,,56.07,2144.6775,138117.231,126765.72,0.9178,125049.4,0.986460693,0.905385947,32.76,32.69,2154.24,9.5625,,
,,,,,,07-12-2023,Syrup,3825,980100,56.32,0.25,12.93,125300,99.8,,,,56.07,2144.6775,138117.231,126726.93,0.9175,125049.4,0.98676264,0.905385947,32.76,32.69,2154.24,9.5625,,
,,,,,,06-12-2023,Syrup,3825,980800,56.32,0.25,12.93,125300,99.8,,,,56.07,2144.6775,138117.231,126817.44,0.9182,125049.4,0.986058384,0.905385947,32.76,32.69,2154.24,9.5625,,
,,,,,,05-12-2023,Syrup,3075,788500,56.32,0.25,12.92,100700,99.8,,,,56.07,1724.1525,111035.421,101874.2,0.9175,100498.6,0.986497072,0.905103967,32.75,32.68,1731.84,7.6875,,
,,,,,,04-12-2023,Syrup,2450,628200,56.32,0.25,12.92,80200,99.8,,,,56.07,1373.715,88467.246,81163.44,0.9174,80039.6,0.986153372,0.904737105,32.73,32.67,1379.84,6.125,,
,,,,,,03-12-2023,Syrup,2125,544900,56.32,0.25,12.92,69600,99.8,,,,56.07,1191.4875,76731.795,70401.08,0.9175,69460.8,0.986643955,0.905241432,32.75,32.69,1196.8,5.3125,,
,,,,,,02-12-2023,Syrup,2000,512900,56.32,0.25,12.92,65500,99.8,,,,56.07,1121.4,72218.16,66266.68,0.9176,65369,0.986453524,0.905160143,32.75,32.68,1126.4,5,,
,,,,,,01-12-2023,Syrup,3825,980800,56.32,0.25,12.92,125200,99.8,,,,56.07,2144.6775,138117.231,126719.36,0.9175,124949.6,0.98603402,0.904663373,32.73,32.67,2154.24,9.5625,,
,,,,,,30-11-2023,Syrup,3825,982100,56.3,0.25,12.9,125195,99.8,,,,56.05,2143.9125,138067.965,126690.9,0.9176,124944.61,0.986216137,0.904950037,32.73,32.67,2153.475,9.5625,,
,,,,,,29-11-2023,Syrup,3825,982100,56.3,0.25,12.9,125100,99.8,,,,56.05,2143.9125,138067.965,126690.9,0.9176,124849.8,0.98546778,0.904263346,32.71,32.64,2153.475,9.5625,,
,,,,,,28-11-2023,Syrup,3825,983600,56.3,0.25,12.88,125100,99.8,,,,56.05,2143.9125,138067.965,126687.68,0.9176,124849.8,0.985492828,0.904263346,32.71,32.64,2153.475,9.5625,,
,,,,,,27-11-2023,Syrup,3825,986400,56.25,0.24,12.84,125100,99.8,,,,56.01,2142.3825,137969.433,126653.76,0.918,124849.8,0.985756759,0.904909133,32.71,32.64,2151.5625,9.18,,
,,,,,,26-11-2023,Syrup,3825,986100,56.25,0.24,12.84,125100,99.8,,,,56.01,2142.3825,137969.433,126615.24,0.9177,124849.8,0.986056655,0.904909133,32.71,32.64,2151.5625,9.18,,
,,,,,,25-11-2023,Syrup,3825,985300,55.95,0.2,12.82,125100,99.8,,,,55.75,2132.4375,137328.975,126315.46,0.9198,124849.8,0.988396828,0.909129337,32.71,32.64,2140.0875,7.65,,
,,,,,,24-11-2023,Syrup,3825,987200,56.25,0.2,12.82,125100,99.8,,,,56.05,2143.9125,138067.965,126559.04,0.9166,124849.8,0.986494525,0.904263346,32.71,32.64,2151.5625,7.65,,
,,,,,,23-11-2023,Syrup,3675,967100,56.25,0.2,12.56,120200,99.8,,,,56.05,2059.8375,132653.535,121467.76,0.9157,119959.6,0.987583866,0.904307601,32.71,32.64,2067.1875,7.35,,
,,,,,,22-11-2023,Syrup,2450,654500,56.25,0.2,12.35,80100,99.8,,,,56.05,1373.225,88435.69,80830.75,0.914,79939.8,0.988977586,0.903931433,32.69,32.63,1378.125,4.9,,
,,,,,,21-11-2023,Syrup,2475,660000,55.71,0.1,12.31,80500,99.8,,,,55.61,1376.3475,88636.779,81246,0.9166,80339,0.988836373,0.90638447,32.53,32.46,1378.8225,2.475,,
,,,,,,20-11-2023,Syrup,2475,660000,55.71,0.1,12.3,80400,99.8,,,,55.61,1376.3475,88636.779,81180,0.9159,80239.2,0.988410939,0.905258527,32.48,32.42,1378.8225,2.475,,
,,,,,,19-11-2023,Syrup,2400,639000,55.71,0.2,12.35,78000,99.8,,,,55.51,1332.24,85796.256,78916.5,0.9198,77844,0.986409686,0.907312319,32.5,32.44,1337.04,4.8,,
